location,location_score,area_sqft,bedrooms,bathrooms,age_years,distance_to_city_km,price_lakhs
Solan,8.4,2277,4,3,9,3.8,232.45
Chamba,6.1,2094,5,4,13,20.1,174.78
Shimla,9.0,753,1,1,34,24.7,62.49
Dharamshala,7.9,916,2,2,4,9.3,138.17
Bilaspur,3.7,2583,1,1,4,21.7,107.91
Solan,9.8,2492,3,3,12,19.2,216.86
Mandi,8.3,2442,3,3,24,22.8,164.37
Solan,8.5,1047,1,1,32,10.9,76.86
Mandi,3.9,2284,4,4,22,3.0,176.41
Shimla,6.2,713,1,1,19,3.4,103.36
Bilaspur,5.6,1004,4,4,34,19.2,96.59
Shimla,9.5,2245,4,4,6,21.7,232.56
Dharamshala,7.5,2659,5,4,36,11.7,208.43
Solan,8.8,2793,1,1,12,2.0,231.65
Mandi,6.1,3936,5,5,11,2.1,306.49
Chamba,4.6,3489,3,2,38,15.2,156.8
Kullu,6.9,1829,5,5,25,23.0,124.64
Shimla,3.4,3239,4,3,17,10.3,182.44
Bilaspur,8.8,834,4,4,13,16.4,154.44
Chamba,7.4,3500,1,1,17,13.8,199.93
Mandi,8.3,1853,4,3,31,22.3,147.18
Bilaspur,5.5,3160,3,2,6,20.9,192.41
Solan,9.8,3897,5,5,6,5.4,336.88
Shimla,9.3,2961,4,4,12,17.1,224.98
Bilaspur,8.4,3720,1,1,19,21.3,214.42
Bilaspur,4.4,535,5,4,32,23.3,39.03
Chamba,6.3,1096,1,1,8,15.0,114.05
Solan,3.3,2691,2,2,31,4.8,153.2
Solan,4.1,2392,2,1,36,14.2,99.94
Kullu,7.8,921,5,5,17,16.8,158.89
Palampur,8.2,3014,1,1,38,7.2,191.79
Bilaspur,9.8,705,5,5,35,24.3,94.88
Bilaspur,5.3,3967,2,2,31,6.1,217.05
Chamba,5.6,1047,4,3,15,22.8,109.0
Bilaspur,6.3,2059,1,1,12,10.9,132.15
Solan,4.3,3381,2,1,34,0.5,184.38
Bilaspur,3.9,2299,4,3,17,13.8,127.5
Shimla,6.3,3103,4,3,1,15.9,207.15
Palampur,4.6,2962,5,4,28,21.8,153.54
Shimla,7.7,3820,5,5,13,13.7,263.76
Chamba,6.1,2123,3,2,37,2.8,146.18
Bilaspur,8.8,3926,2,2,34,23.2,236.37
Dharamshala,7.9,2308,2,2,4,14.4,184.71
Solan,5.2,3626,5,5,36,7.2,238.84
Dharamshala,8.8,3064,4,3,37,22.5,208.13
Dharamshala,8.6,965,5,5,30,3.5,152.27
Dharamshala,5.7,2752,3,2,11,2.9,195.49
Shimla,5.0,3574,3,3,26,13.6,206.14
Solan,7.8,949,5,4,34,15.8,110.95
Shimla,4.0,3435,4,3,32,13.0,189.87
Bilaspur,4.4,869,2,1,17,23.3,59.74
Mandi,3.1,3548,3,2,28,6.9,164.73
Palampur,8.5,3261,2,1,15,24.8,190.92
Shimla,7.7,1030,4,3,10,1.0,167.07
Mandi,7.9,3042,1,1,26,3.4,200.95
Dharamshala,8.5,908,5,5,18,5.0,164.26
Kullu,6.2,2488,5,4,8,2.4,222.13
Mandi,7.0,3733,1,1,26,11.2,209.44
Solan,4.0,1220,4,3,12,21.7,85.77
Mandi,3.8,1108,1,1,23,20.6,46.22
Palampur,7.7,1980,2,1,14,18.7,142.79
Dharamshala,6.3,1790,2,2,35,0.7,153.46
Mandi,7.0,669,3,3,34,21.7,55.69
Shimla,8.4,2095,5,4,18,10.2,193.4
Kullu,7.4,1408,3,3,28,18.4,111.38
Chamba,6.9,935,2,1,7,18.3,100.63
Shimla,6.9,1466,1,1,39,4.8,117.16
Dharamshala,5.1,572,5,5,8,13.1,125.53
Dharamshala,3.2,3702,2,2,34,23.2,141.71
Dharamshala,6.1,3979,3,3,33,6.9,245.12
Mandi,4.5,1786,1,1,7,18.0,113.7
Solan,5.9,3568,2,1,0,24.0,186.81
Solan,9.0,2114,3,3,29,9.3,183.32
Palampur,4.6,3693,5,4,34,10.0,250.24
Palampur,3.4,1105,2,2,28,11.6,67.32
Chamba,5.0,1495,3,2,2,20.3,116.51
Palampur,5.1,3089,5,4,25,11.3,213.44
Chamba,7.6,1270,2,1,15,12.4,107.3
Bilaspur,6.9,3382,2,1,36,5.9,194.06
Solan,8.5,1990,1,1,32,24.7,99.39
Mandi,7.7,1913,5,5,31,22.4,157.89
Shimla,5.8,2086,1,1,16,15.2,118.48
Mandi,8.7,3292,2,1,12,24.0,205.28
Shimla,4.2,519,1,1,32,17.3,8.0
Shimla,3.2,3127,4,3,4,24.0,144.0
Kullu,3.6,3227,2,1,4,4.5,204.28
Mandi,8.1,3374,4,4,2,6.0,259.88
Solan,6.2,3988,4,4,20,22.2,220.07
Mandi,4.1,3237,1,1,3,10.8,162.94
Bilaspur,6.5,2350,2,2,23,9.6,149.81
Bilaspur,4.1,2131,1,1,6,19.0,109.22
Palampur,7.9,1858,1,1,35,15.9,130.16
Dharamshala,6.1,3395,3,3,17,8.9,204.07
Bilaspur,5.7,1874,2,1,3,10.2,139.28
Solan,5.1,2504,1,1,27,10.5,111.04
Palampur,7.4,836,3,3,13,3.6,132.58
Solan,5.5,1610,3,2,10,6.1,146.28
Shimla,3.6,1431,5,4,26,13.7,112.69
Bilaspur,3.8,2022,4,3,38,19.7,68.06
Shimla,9.7,2257,2,1,39,10.8,176.83
Shimla,9.4,3007,3,3,17,9.9,230.97
Shimla,7.9,2011,1,1,33,16.4,108.68
Mandi,4.9,1026,2,1,8,4.4,106.86
Bilaspur,9.8,2407,3,3,33,9.8,210.6
Palampur,8.5,691,1,1,37,5.6,90.31
Mandi,8.0,3471,5,5,20,16.5,239.13
Dharamshala,6.1,3196,3,3,20,3.3,222.22
Palampur,4.9,1288,4,4,22,11.5,105.41
Palampur,3.7,1421,2,1,2,15.1,98.66
Bilaspur,9.3,596,5,4,34,20.9,121.85
Shimla,6.2,1775,2,1,29,18.3,112.42
Solan,4.4,633,5,4,34,23.6,45.37
Shimla,5.1,3777,3,3,4,17.2,236.68
Palampur,7.1,969,4,4,32,9.1,108.42
Solan,4.2,2807,2,1,14,6.2,188.45
Palampur,9.0,2496,5,4,32,1.9,224.43
Dharamshala,8.3,1329,1,1,39,7.3,87.35
Mandi,8.0,3328,1,1,35,3.9,226.68
Shimla,6.0,881,3,3,36,9.5,77.67
Bilaspur,7.4,3603,5,4,4,17.7,263.23
Shimla,7.1,3091,5,5,13,17.5,217.38
Palampur,7.5,2722,5,5,11,8.3,269.66
Palampur,3.6,3578,3,3,20,13.0,210.17
Kullu,5.9,1911,5,4,39,5.8,175.11
Dharamshala,3.3,1485,3,3,27,12.8,84.35
Shimla,6.5,1040,3,2,21,13.0,115.57
Solan,5.3,3735,1,1,32,7.9,189.67
Solan,4.0,1904,4,3,7,6.9,167.58
Mandi,3.7,3402,2,2,26,24.5,131.61
Kullu,7.1,1663,1,1,20,13.7,137.54
Kullu,4.2,3842,2,2,8,14.3,200.07
Kullu,9.5,3545,4,4,25,0.7,288.25
Palampur,7.1,1578,2,1,33,5.0,122.81
Dharamshala,5.4,2203,2,2,33,9.2,132.78
Chamba,7.1,3278,2,1,33,24.2,156.09
Solan,3.2,1291,3,2,32,4.8,88.1
Dharamshala,9.7,582,4,4,18,7.9,146.85
Palampur,6.4,1510,4,4,1,24.8,144.1
Bilaspur,8.5,2567,1,1,38,12.3,177.65
Kullu,3.6,977,2,1,18,8.3,69.21
Dharamshala,6.4,1666,4,3,25,16.0,158.09
Dharamshala,6.4,3715,2,1,0,12.7,248.3
Kullu,9.6,762,1,1,35,24.0,93.45
Mandi,7.0,676,2,2,35,2.5,93.44
Bilaspur,6.3,1983,4,3,37,19.9,102.43
Solan,4.9,544,4,4,6,7.3,99.42
Chamba,5.3,597,1,1,33,20.3,12.23
Chamba,6.6,1140,4,4,24,21.3,91.67
Chamba,6.1,857,1,1,5,21.3,42.92
Palampur,3.2,3338,4,3,22,21.7,170.8
Mandi,8.8,929,3,2,19,18.1,94.55
Kullu,9.3,2332,1,1,25,4.0,202.99
Dharamshala,4.0,2968,2,1,3,1.8,220.35
Kullu,6.9,2690,5,5,22,8.8,210.07
Kullu,3.8,2788,3,3,27,12.6,153.03
Solan,7.7,1752,4,3,28,7.9,161.49
Chamba,5.0,3610,4,4,30,18.7,204.36
Mandi,7.6,740,1,1,25,18.2,52.81
Bilaspur,8.1,875,5,4,28,24.3,104.3
Dharamshala,8.4,3496,2,2,3,10.3,268.58
Dharamshala,3.8,739,4,4,31,19.8,46.63
Dharamshala,9.4,1171,3,2,14,18.7,119.54
Chamba,4.6,1106,3,3,21,24.7,75.96
Bilaspur,3.3,615,2,1,21,19.5,8.0
Dharamshala,6.9,909,5,5,39,7.4,124.73
Dharamshala,5.6,2504,1,1,13,0.9,182.5
Palampur,8.8,2814,5,5,15,24.2,221.51
Palampur,8.7,791,2,1,30,18.0,116.04
Kullu,5.2,3798,5,4,25,20.4,223.7
Shimla,9.7,835,1,1,12,19.9,104.58
Mandi,5.0,2904,1,1,13,18.5,153.06
Kullu,6.6,3301,1,1,33,18.9,162.49
Solan,4.8,2322,3,3,33,23.3,108.73
Shimla,9.6,2220,2,1,5,22.9,179.86
Palampur,4.2,881,3,2,15,9.8,77.8
Chamba,3.3,1345,5,5,30,1.3,126.69
Dharamshala,6.0,3477,1,1,4,1.4,226.78
Solan,9.9,1720,3,3,7,11.4,175.53
Dharamshala,9.2,620,4,3,6,21.0,141.08
Solan,8.2,3052,3,2,21,21.3,188.86
Chamba,9.2,2892,5,5,18,10.4,258.52
Solan,9.3,732,4,3,12,7.9,148.04
Shimla,6.6,678,1,1,5,12.9,77.78
Bilaspur,5.2,907,3,3,25,20.9,51.18
Kullu,8.4,678,2,1,32,16.1,90.46
Kullu,7.6,2656,1,1,8,3.9,219.23
Dharamshala,5.6,964,5,5,26,9.4,120.67
Dharamshala,3.7,2624,2,2,31,14.1,113.51
Solan,8.2,1116,1,1,22,13.7,84.59
Shimla,4.8,3903,2,2,22,20.9,194.51
Bilaspur,9.6,3040,5,5,6,23.3,243.69
Bilaspur,4.7,1810,3,3,38,3.0,111.74
Kullu,3.9,2000,5,4,38,6.0,137.55
Bilaspur,8.8,727,3,3,28,10.1,116.28
Chamba,4.1,692,1,1,36,7.8,16.58
Mandi,4.3,2381,2,2,24,10.5,115.63
Kullu,7.2,579,1,1,26,1.5,96.44
Chamba,9.1,2734,3,2,33,2.1,215.23
Solan,4.4,1838,2,2,1,21.0,116.23
Bilaspur,5.2,988,5,4,8,3.0,148.92
Mandi,8.4,2374,2,1,8,20.7,183.79
Shimla,9.8,2435,2,2,25,8.0,195.29
Mandi,6.5,3112,5,4,9,8.1,248.3
Shimla,4.0,1192,3,3,15,3.0,121.9
Shimla,3.1,2415,1,1,19,0.8,127.62
Dharamshala,4.6,3456,3,3,29,9.2,207.19
Bilaspur,3.9,1444,2,2,20,21.0,45.48
Mandi,7.7,3423,4,3,0,23.0,227.54
Solan,3.9,3031,3,3,27,2.0,164.45
Chamba,6.5,2003,4,3,17,1.3,181.61
Shimla,7.9,3591,5,4,4,4.4,296.02
Dharamshala,7.1,3883,4,3,26,19.3,240.92
Shimla,4.4,1328,2,2,10,5.5,111.05
Solan,8.6,3929,2,1,18,6.2,258.8
Shimla,8.0,508,3,3,38,22.3,43.18
Shimla,8.2,952,3,3,9,21.9,102.4
Bilaspur,3.9,651,2,2,35,16.9,26.45
Kullu,3.9,1786,5,5,18,4.5,167.6
Kullu,9.5,3779,5,5,37,9.8,275.78
Palampur,5.8,2601,2,2,33,6.3,174.39
Palampur,5.1,2658,4,3,33,17.0,138.01
Shimla,6.4,796,5,5,8,19.6,114.05
Bilaspur,7.6,2306,1,1,31,4.0,160.0
Palampur,9.7,1839,2,2,14,22.5,174.36
Chamba,5.0,2177,4,3,36,11.8,136.83
Chamba,9.5,1414,3,2,39,20.0,99.15
Shimla,3.2,1205,4,4,24,1.8,121.5
Palampur,6.9,3832,3,3,36,9.3,252.4
Solan,7.4,2454,1,1,21,0.9,183.06
Palampur,3.7,1940,3,2,1,18.1,110.21
Chamba,4.0,758,3,2,34,2.4,81.56
Chamba,5.9,3169,5,5,21,8.8,253.64
Kullu,9.8,2154,1,1,1,19.7,190.3
Palampur,7.2,1853,1,1,2,18.8,116.87
Bilaspur,9.5,2834,1,1,28,16.2,194.53
Kullu,8.6,961,3,2,36,17.5,103.45
Chamba,6.3,2366,5,4,27,16.5,158.96
Mandi,8.5,3521,4,4,17,16.2,267.95
Solan,3.1,2123,5,4,12,9.1,159.87
Chamba,3.8,501,5,5,16,1.2,123.56
Palampur,8.8,1304,4,3,12,11.3,156.35
Solan,8.6,695,4,4,10,1.6,172.58
Solan,4.6,2250,2,1,5,12.0,132.61
Palampur,6.7,1775,5,4,22,11.9,167.68
Dharamshala,7.2,963,4,4,8,4.9,175.39
Solan,9.1,2904,5,5,5,19.7,231.95
Bilaspur,7.2,1118,5,4,11,17.8,123.24
Bilaspur,5.9,1695,2,1,31,14.2,111.78
Solan,5.6,3956,1,1,22,23.2,179.49
Chamba,6.0,732,5,4,19,7.5,136.85
Palampur,7.6,1366,3,3,23,6.9,137.81
Shimla,9.1,1612,5,4,22,5.0,202.65
Kullu,6.2,2280,4,3,19,13.8,176.62
Solan,4.7,1357,2,2,33,5.5,95.04
Palampur,4.7,3895,2,2,29,21.8,152.17
Solan,8.2,518,4,3,7,8.0,173.48
Kullu,8.7,3818,2,1,32,12.5,234.81
Solan,3.7,2371,2,2,7,13.5,120.26
Solan,3.5,633,2,1,3,8.0,72.56
Solan,7.2,908,4,3,16,18.6,116.03
Bilaspur,4.0,860,1,1,15,17.5,53.88
Bilaspur,8.8,1506,1,1,31,19.1,118.47
Chamba,5.2,1665,1,1,27,15.3,81.87
Palampur,4.0,2744,4,4,2,11.8,169.48
Shimla,9.4,1589,1,1,19,11.5,154.49
Bilaspur,4.2,3037,3,3,31,18.1,127.63
Dharamshala,5.0,1528,1,1,29,9.7,101.13
Palampur,4.1,1422,3,2,20,11.2,88.64
Solan,3.8,1463,1,1,24,4.5,94.3
Chamba,3.1,1652,1,1,22,17.2,51.91
Bilaspur,3.4,3432,3,3,9,2.4,209.92
Mandi,4.2,1364,4,3,22,24.8,64.93
Solan,3.4,1456,1,1,27,4.0,88.01
Palampur,7.1,3849,3,3,2,9.9,261.98
Solan,7.8,2788,5,5,27,6.3,244.09
Chamba,5.8,1166,4,3,9,7.6,131.55
Chamba,5.2,3538,4,4,0,8.4,247.51
Shimla,6.5,1141,2,1,30,18.1,75.14
Bilaspur,9.1,1067,5,4,15,4.8,187.52
Bilaspur,9.0,2057,1,1,16,7.0,167.77
Bilaspur,3.3,2919,4,4,24,3.0,194.1
Chamba,4.3,1162,3,3,22,8.6,92.65
Dharamshala,4.7,3136,1,1,24,23.6,135.37
Bilaspur,4.7,1048,5,4,37,9.8,96.13
Kullu,7.0,3236,4,3,26,19.5,207.21
Chamba,5.9,835,2,1,1,11.8,95.2
Mandi,3.3,2125,1,1,8,11.5,102.5
Solan,5.6,2740,4,4,17,20.7,177.31
Dharamshala,6.7,1429,3,2,18,1.2,148.22
Mandi,3.7,2642,1,1,14,21.7,127.49
Shimla,8.8,2910,5,4,7,12.4,257.14
Kullu,3.4,2775,4,4,4,9.1,171.86
Dharamshala,9.5,1889,3,3,5,22.7,170.27
Shimla,3.7,3206,2,2,38,8.8,138.64
Solan,8.9,3060,2,1,15,24.5,204.53
Dharamshala,9.3,1642,3,2,38,23.4,131.15
Shimla,9.9,3066,1,1,13,7.1,237.41
Solan,8.6,3714,2,2,12,8.8,264.37
Solan,8.5,3358,2,2,19,20.4,208.24
Kullu,7.5,3066,1,1,37,5.3,197.4
Mandi,8.5,3182,1,1,22,18.4,196.91
Shimla,3.9,3316,2,2,1,3.7,218.81
Palampur,6.8,1511,2,2,10,5.5,147.64
Palampur,6.6,3023,2,1,39,12.8,155.32
Kullu,9.0,1197,4,4,6,18.8,168.01
Bilaspur,6.2,1754,3,2,33,18.6,124.87
Shimla,5.7,3770,1,1,37,15.4,187.2
Chamba,7.5,1490,5,4,8,7.2,206.67
Dharamshala,4.9,3452,4,3,22,10.7,211.27
Shimla,4.0,1978,3,2,23,6.5,117.12
Dharamshala,6.3,1234,1,1,31,7.3,81.67
Solan,5.9,839,5,5,31,8.4,131.69
Shimla,4.6,2418,4,4,2,15.2,152.51
Kullu,5.6,2079,3,2,12,5.6,184.73
Chamba,5.6,2289,1,1,37,1.5,128.6
Solan,5.3,650,1,1,14,17.5,72.28
Bilaspur,5.7,1438,2,1,9,1.0,140.06
Dharamshala,7.8,513,2,2,25,24.3,65.97
Solan,5.1,1558,2,2,7,9.1,155.3
Chamba,9.6,3760,3,2,5,0.7,305.33
Bilaspur,9.4,1033,1,1,31,22.2,81.96
Shimla,6.4,2912,2,2,4,15.2,184.14
Palampur,5.3,520,5,5,35,20.5,49.33
Shimla,6.7,2466,5,4,9,11.2,207.75
Chamba,8.9,3723,1,1,4,9.2,254.12
Palampur,7.6,1693,4,4,29,16.6,130.3
Shimla,8.6,1190,5,4,7,10.4,178.6
Shimla,6.7,2496,3,2,14,14.1,182.29
Palampur,7.4,1476,2,2,14,7.3,136.28
Dharamshala,5.0,3620,3,3,20,8.6,215.17
Chamba,8.1,3471,2,2,18,2.5,268.72
Solan,4.4,2783,2,2,7,19.6,132.22
Bilaspur,7.9,2736,5,5,9,9.0,270.5
Bilaspur,9.0,2608,4,4,7,24.4,201.45
Chamba,3.9,3073,3,2,2,6.9,201.43
Kullu,7.3,2110,1,1,26,12.1,153.47
Mandi,3.7,3894,5,4,18,8.0,256.44
Solan,8.1,1709,1,1,4,17.5,147.09
Bilaspur,3.6,531,4,4,13,20.3,45.77
Dharamshala,9.6,2944,2,1,26,12.4,201.17
Mandi,4.0,2817,2,2,11,9.5,157.92
Mandi,9.7,3933,1,1,16,18.7,267.45
Solan,8.6,1883,2,1,29,5.2,159.48
Mandi,7.2,1986,4,3,26,15.2,160.09
Chamba,8.5,2467,3,3,28,18.5,163.14
Dharamshala,8.6,1872,1,1,15,7.1,152.73
Mandi,9.6,3247,2,2,19,16.6,226.55
Palampur,4.8,1998,1,1,33,18.5,76.76
Mandi,7.1,3242,3,3,34,3.4,218.85
Solan,3.7,1989,5,4,2,8.4,150.64
Mandi,7.3,1287,5,4,33,10.5,140.18
Solan,4.2,3967,5,5,35,19.5,224.16
Bilaspur,7.0,2342,1,1,37,14.4,117.33
Solan,7.0,2973,3,3,10,11.5,227.1
Palampur,6.3,2569,1,1,20,8.3,120.54
Kullu,6.7,1757,3,2,1,0.6,179.36
Shimla,8.3,3902,3,2,4,1.0,277.57
Bilaspur,8.6,1800,4,4,22,6.4,208.11
Mandi,6.4,3975,2,1,8,3.4,269.6
Kullu,7.2,2007,1,1,8,3.4,159.68
Chamba,9.5,579,3,3,11,15.3,132.24
Bilaspur,3.8,628,3,3,18,15.3,69.29
Chamba,3.8,3907,4,4,6,1.6,275.42
Dharamshala,3.6,2347,1,1,32,15.1,86.02
Chamba,7.6,1856,4,3,26,4.1,154.18
Shimla,5.9,3339,3,2,31,9.7,185.86
Chamba,8.4,2660,4,4,37,24.7,180.18
Chamba,7.7,2811,5,4,24,13.3,243.09
Mandi,5.3,2899,2,1,14,1.3,195.01
Palampur,9.3,1194,4,3,39,9.0,138.45
Kullu,8.3,808,1,1,22,16.9,113.68
Palampur,4.9,3048,5,5,18,6.0,227.23
Palampur,5.5,576,3,3,16,24.1,40.16
Bilaspur,5.2,3018,4,4,1,10.9,218.61
Dharamshala,4.1,954,4,4,38,1.0,108.03
Kullu,4.0,1418,4,4,32,13.7,92.26
Bilaspur,9.6,2977,2,2,27,17.1,213.67
Bilaspur,6.1,2680,4,4,8,11.7,186.83
Bilaspur,5.7,3235,3,3,37,23.2,138.7
Solan,8.1,2638,4,4,7,22.6,195.41
Shimla,6.9,667,4,4,9,3.9,138.56
Chamba,9.6,3439,3,2,2,2.5,298.01
Palampur,8.5,1255,1,1,11,8.2,147.16
Solan,6.4,976,2,2,13,15.4,124.59
Dharamshala,5.6,3574,5,4,31,15.2,206.11
Shimla,9.9,1181,3,3,13,7.2,173.32
Solan,8.0,2376,4,3,38,23.8,141.85
Bilaspur,9.7,2200,2,2,12,8.0,220.75
Mandi,3.8,3193,4,4,20,20.2,182.43
Mandi,9.0,654,3,3,23,20.9,94.69
Kullu,7.5,873,2,2,33,2.9,135.1
Kullu,3.9,1954,1,1,30,6.2,90.96
Mandi,7.1,2156,2,1,34,5.8,163.84
Bilaspur,7.8,3258,3,3,37,23.0,200.06
Shimla,3.1,2620,2,1,4,9.1,133.43
Chamba,6.2,1020,2,2,3,21.0,99.63
Chamba,8.8,3926,2,1,17,12.2,222.81
Palampur,5.1,2109,2,1,6,11.7,152.49
Chamba,6.2,3876,4,3,19,22.6,206.72
Solan,6.1,3964,3,2,23,11.3,239.1
Mandi,5.1,680,3,2,11,18.7,77.75
Bilaspur,9.4,2270,1,1,3,10.9,212.02
Solan,8.5,1977,3,3,38,3.0,188.95
Dharamshala,3.8,2244,5,4,14,1.8,183.71
Chamba,10.0,1584,4,4,33,5.6,185.53
Mandi,9.2,2455,3,2,24,18.2,183.72
Palampur,5.0,2222,2,2,26,9.7,119.69
Palampur,8.9,1151,2,1,31,11.6,115.27
Dharamshala,3.7,1509,1,1,10,3.0,102.92
Palampur,10.0,1015,1,1,8,15.8,123.08
Palampur,7.7,3452,4,4,39,20.2,185.49
Bilaspur,7.6,2870,5,4,26,15.8,196.09
Dharamshala,3.6,1856,5,5,11,24.6,80.24
Mandi,9.3,1885,4,4,25,0.9,211.16
Palampur,3.2,776,5,5,15,0.9,119.08
Chamba,4.7,1514,3,3,34,12.8,61.5
Dharamshala,4.0,3735,2,2,20,7.0,204.82
Solan,8.4,609,2,2,12,17.3,97.75
Chamba,4.4,1011,2,2,27,19.9,32.7
Solan,9.4,3461,4,4,30,3.0,271.47
Dharamshala,7.6,2321,1,1,14,23.0,151.95
Dharamshala,3.3,613,5,4,30,1.2,75.73
Shimla,3.0,2214,4,4,9,17.4,134.66
Bilaspur,3.4,3124,2,2,9,9.9,176.87
Kullu,7.2,1707,4,4,33,16.9,126.18
Shimla,8.6,1836,1,1,24,2.9,176.85
Solan,4.7,2709,3,2,1,23.5,160.0
Shimla,8.9,2595,1,1,27,23.5,148.8
Mandi,3.4,3660,1,1,12,13.2,202.3
Dharamshala,8.6,1366,1,1,10,13.0,147.92
Mandi,9.5,1466,4,4,16,16.1,153.11
Palampur,8.4,1043,4,4,18,14.7,137.46
Kullu,7.9,2827,5,4,35,13.8,237.37
Mandi,8.9,2366,5,5,17,14.9,208.51
Shimla,3.3,1714,5,5,11,21.5,115.98
Dharamshala,4.4,2934,5,5,30,15.5,190.95
Chamba,3.9,1818,1,1,21,5.3,113.15
Palampur,6.5,1184,4,3,0,22.9,132.17
Bilaspur,8.2,2389,4,3,25,5.8,217.92
Kullu,7.4,2027,1,1,20,4.5,159.97
Dharamshala,9.0,1918,1,1,22,24.9,115.33
Palampur,4.1,2056,5,4,7,5.7,182.13
Kullu,8.1,3699,5,5,19,3.0,291.02
Kullu,4.4,1255,2,1,25,14.3,63.11
Dharamshala,4.9,1465,1,1,27,20.8,76.97
Chamba,8.0,2477,2,1,27,2.0,188.59
Chamba,9.9,663,1,1,39,12.5,109.46
Chamba,7.3,1010,4,3,20,2.2,153.07
Shimla,3.4,2482,2,1,17,11.0,126.58
Kullu,7.3,2284,1,1,21,8.9,137.0
Palampur,3.3,2784,5,4,13,3.9,223.05
Dharamshala,9.2,897,5,5,12,23.3,143.9
Solan,8.0,3488,5,5,27,16.1,218.98
Shimla,4.2,2199,5,5,12,21.2,159.25
Kullu,3.6,1042,1,1,29,22.7,17.38
Mandi,4.3,1590,4,3,29,23.3,70.48
Chamba,9.9,1296,4,4,38,18.8,151.25
Palampur,6.2,2082,4,3,5,8.0,157.61
Bilaspur,8.5,2142,2,1,14,20.8,146.58
Kullu,7.5,2018,2,1,30,13.2,133.86
Mandi,7.0,2113,5,5,17,7.2,214.05
Palampur,4.0,3677,1,1,26,10.0,200.75
Palampur,9.6,3857,4,3,29,7.9,279.76
Mandi,5.1,2214,4,3,35,11.9,144.48
Dharamshala,7.0,3870,4,3,9,19.6,280.15
Dharamshala,7.9,3364,3,3,10,12.4,242.72
Shimla,7.5,3369,4,3,18,7.1,255.09
Kullu,9.6,1289,5,5,20,2.6,190.38
Dharamshala,4.0,2034,4,4,36,21.5,121.99
Shimla,6.6,1732,1,1,1,10.7,134.87
Shimla,5.8,837,2,1,9,11.3,94.6
Mandi,6.3,762,2,1,36,19.2,49.01
Kullu,3.8,2678,2,2,24,21.3,115.74
Dharamshala,3.9,1972,2,1,27,13.0,90.73
Solan,4.9,3390,2,1,9,16.0,187.55
Bilaspur,5.1,2840,4,4,24,6.4,216.97
Solan,6.0,798,1,1,14,23.4,78.06
Kullu,7.3,3433,4,3,29,14.4,218.96
Palampur,7.4,2236,4,4,3,18.1,187.1
Shimla,5.9,2480,5,4,11,3.3,209.0
Dharamshala,5.9,3879,1,1,25,16.1,225.06
Chamba,4.5,2740,2,1,24,9.5,150.6
Dharamshala,7.1,578,5,4,33,11.5,117.84
Palampur,5.2,1120,3,3,32,17.2,82.4
Bilaspur,3.3,1992,3,3,0,20.0,145.74
Shimla,5.9,630,1,1,3,9.1,83.95
Shimla,6.3,1086,4,3,14,21.9,89.42
Palampur,4.6,3270,2,1,38,5.9,189.29
Kullu,7.0,999,5,5,19,14.3,146.0
Mandi,7.0,1084,2,1,35,4.2,110.1
Solan,7.9,2266,1,1,2,7.6,207.51
Kullu,7.5,819,3,2,38,22.4,71.69
Solan,7.6,1394,3,3,2,0.8,204.73
Dharamshala,5.2,3781,3,2,32,22.9,179.63
Kullu,8.5,2710,5,4,35,8.5,232.72
Chamba,6.8,3872,2,1,11,17.5,229.81
Kullu,6.0,1739,2,2,12,2.7,150.94
Dharamshala,7.4,2656,4,3,23,16.2,187.3
Palampur,5.5,1334,1,1,28,22.8,50.08
Solan,6.6,1825,5,5,4,14.1,187.68
Dharamshala,8.2,1111,2,1,9,9.4,131.41
Dharamshala,9.2,3416,2,2,30,19.9,214.58
Dharamshala,9.4,1144,1,1,32,18.0,104.5
Kullu,6.5,1216,2,2,6,3.4,144.76
Bilaspur,6.6,2123,3,2,35,16.8,132.27
Dharamshala,8.6,2002,4,3,34,16.8,154.46
Solan,5.2,1598,5,4,34,18.9,106.06
Mandi,8.9,1749,4,4,9,8.2,184.7
Shimla,6.5,1532,2,2,26,10.3,117.21
Dharamshala,3.8,3694,5,5,6,24.0,198.2
Dharamshala,3.5,2531,1,1,7,14.5,128.04
Dharamshala,8.9,3719,2,1,2,13.0,253.48
Dharamshala,3.4,3953,2,1,19,24.7,136.37
Shimla,5.0,2778,3,2,28,6.1,199.21
Solan,5.3,3389,2,1,7,10.2,202.17
Chamba,4.2,887,5,5,7,19.1,116.05
Mandi,5.2,3822,2,1,11,18.0,194.57
Solan,8.2,2187,2,2,7,24.2,177.83
Bilaspur,3.1,2997,4,3,33,16.5,127.99
Palampur,8.8,1358,3,2,6,8.2,175.36
Shimla,9.0,834,3,2,11,10.2,128.86
Kullu,5.6,3597,5,5,12,2.7,300.86
Mandi,4.1,2073,3,2,8,23.1,109.56
Chamba,7.2,984,1,1,37,3.7,103.41
Shimla,3.8,2804,4,3,8,13.9,180.42
Kullu,5.6,690,4,4,19,10.3,101.35
Mandi,9.7,2076,2,2,22,3.8,207.09
Mandi,10.0,2965,5,5,10,7.7,301.03
Mandi,8.4,3021,2,2,18,16.0,212.16
Bilaspur,5.2,2086,1,1,6,1.3,160.63
Chamba,7.8,1794,1,1,19,24.2,116.0
Shimla,7.9,3434,4,4,0,22.8,267.87
Mandi,5.7,1146,2,2,17,2.6,114.29
Mandi,7.5,761,3,2,14,21.8,68.46
Kullu,3.1,1048,4,3,14,8.5,80.25
Dharamshala,4.5,3303,5,5,4,2.2,240.91
Dharamshala,6.7,2144,3,3,39,8.0,141.0
Mandi,4.1,630,5,5,1,20.3,79.6
Mandi,4.2,1090,2,2,5,16.8,79.03
Dharamshala,8.9,598,5,5,4,6.3,177.79
Chamba,9.9,3350,2,1,39,18.1,207.86
Bilaspur,6.9,2114,1,1,12,17.8,127.03
Palampur,8.9,738,4,4,17,18.7,138.23
Solan,9.9,1274,4,4,30,13.7,166.03
Kullu,4.0,2657,5,4,2,20.6,192.96
Solan,6.1,2578,5,5,2,16.2,219.91
Dharamshala,5.7,3367,1,1,7,3.6,211.74
Mandi,3.6,590,4,4,27,20.4,56.8
Solan,8.3,742,4,4,39,8.4,122.05
Dharamshala,6.0,623,4,3,24,17.8,86.27
Dharamshala,6.3,1879,1,1,34,17.0,104.3
Kullu,4.1,3045,1,1,35,8.7,138.22
Chamba,4.3,2820,4,4,11,4.5,205.29
Bilaspur,9.3,1235,5,4,7,17.5,173.65
Mandi,3.3,2800,1,1,6,21.3,111.77
Kullu,4.6,2797,1,1,31,21.0,84.93
Chamba,5.0,1169,3,3,26,15.8,75.34
Bilaspur,6.4,3124,2,1,34,6.1,188.34
Kullu,7.1,1978,5,4,20,8.2,202.38
Solan,6.5,707,5,4,39,19.0,88.77
Shimla,3.6,1867,3,2,35,10.6,92.98
Solan,4.7,3194,5,5,32,18.4,174.45
Solan,8.9,2936,2,1,32,8.1,202.93
Shimla,7.5,1439,5,4,4,0.7,193.04
Mandi,7.5,3149,3,2,29,15.3,171.23
Chamba,7.7,1863,3,2,37,15.2,114.03
Shimla,8.3,2110,1,1,11,15.9,174.38
Solan,3.4,803,1,1,32,7.1,59.69
Solan,5.6,3989,1,1,14,20.4,205.43
Solan,6.8,3435,3,2,8,12.4,230.16
Mandi,5.4,1182,1,1,29,19.2,37.21
Mandi,8.9,2462,1,1,6,15.5,185.41
Mandi,6.4,3231,4,4,19,10.7,232.03
Shimla,8.4,2266,5,4,37,17.2,188.47
Mandi,9.0,1237,1,1,6,14.6,143.75
Kullu,6.5,3889,3,2,6,13.0,263.02
Palampur,9.4,1440,5,5,37,16.4,182.5
Bilaspur,7.1,1670,3,2,31,2.6,147.41
Shimla,9.0,1800,1,1,18,22.8,162.42
Solan,5.4,3617,1,1,16,8.7,177.72
Solan,6.5,2250,5,5,38,6.0,174.31
Dharamshala,6.7,3018,3,2,28,19.4,175.19
Dharamshala,3.7,3654,1,1,36,6.2,173.56
Palampur,5.8,3749,5,4,3,24.9,231.56
Mandi,9.4,3497,5,4,21,10.8,272.28
Solan,7.4,3677,4,4,29,7.8,278.86
Bilaspur,4.2,3818,1,1,1,2.0,221.99
Shimla,5.4,3968,1,1,20,1.5,217.68
Bilaspur,4.3,2750,2,2,2,2.8,211.0
Dharamshala,3.2,960,1,1,36,0.6,62.81
Bilaspur,9.5,896,3,3,27,8.5,154.21
Dharamshala,6.1,3286,2,1,7,8.1,217.09
Solan,5.2,1606,4,4,20,11.0,118.86
Kullu,7.2,3315,1,1,4,6.2,229.93
Mandi,3.1,3771,4,3,32,2.0,192.93
Chamba,4.9,2755,5,5,7,2.2,232.92
Mandi,7.9,3175,1,1,24,5.0,219.62
Solan,7.4,1476,4,4,3,8.3,193.74
Palampur,9.9,2020,3,3,6,4.1,228.56
Kullu,7.3,3878,1,1,39,9.4,218.57
Solan,6.3,3358,2,1,15,23.1,166.23
Kullu,8.3,1215,4,4,4,6.9,193.6
Solan,9.3,3777,5,4,27,4.6,305.38
Palampur,8.0,2248,2,2,8,16.8,164.12
Kullu,9.7,3453,1,1,23,12.5,236.1
Shimla,8.5,2325,2,1,32,1.7,200.59
Dharamshala,9.1,2613,5,4,27,19.8,208.49
Palampur,3.8,1066,3,3,9,18.0,68.4
Solan,8.1,1685,3,2,9,24.4,141.14
Palampur,6.1,3028,1,1,8,23.5,165.24
Shimla,6.9,3448,4,4,25,14.8,214.46
Shimla,7.6,811,3,3,26,17.3,83.21
Shimla,9.8,769,3,2,20,10.5,144.31
Solan,9.9,2925,5,5,15,22.3,252.51
Mandi,5.0,2064,3,3,2,14.0,180.28
Bilaspur,8.1,3470,5,4,33,8.5,261.49
Palampur,8.2,738,3,2,26,0.7,118.89
Bilaspur,5.4,1722,2,1,25,14.9,125.0
Mandi,3.9,624,5,4,4,13.4,108.32
Dharamshala,3.3,2982,4,4,11,20.4,138.71
Kullu,8.4,3502,4,4,12,5.1,269.1
Kullu,6.4,1048,2,1,23,20.5,65.61
Bilaspur,9.9,1633,4,3,31,0.9,210.17
Bilaspur,6.3,3460,3,3,34,14.9,167.08
Palampur,9.8,645,1,1,20,10.2,111.74
Mandi,5.9,3832,2,2,14,8.6,241.43
Dharamshala,8.6,3604,5,5,16,11.1,248.24
Dharamshala,3.6,1034,3,3,29,6.0,88.99
Bilaspur,6.9,986,4,3,12,5.0,156.87
Kullu,8.6,2921,1,1,16,20.2,172.43
Mandi,9.5,535,2,1,31,6.1,96.11
Bilaspur,8.8,2270,5,5,21,18.6,191.52
Kullu,3.3,730,3,3,18,17.9,15.41
Chamba,5.6,2360,5,4,29,1.3,190.6
Kullu,3.3,1725,5,4,11,22.1,112.93
Palampur,3.8,2972,2,1,2,19.8,136.97
Bilaspur,7.7,3582,5,5,31,20.0,245.15
Kullu,8.0,2210,4,4,18,20.3,178.19
Solan,8.4,2746,1,1,13,14.8,191.15
Shimla,9.1,2601,1,1,3,24.8,173.08
Shimla,8.2,3947,1,1,37,4.9,244.96
Shimla,8.6,1308,4,4,29,2.3,188.36
Dharamshala,3.3,1336,1,1,10,17.8,54.89
Dharamshala,4.6,1824,2,2,24,7.7,126.3
Solan,7.4,3078,3,3,18,15.4,217.35
Kullu,9.0,3528,1,1,13,10.1,246.24
Shimla,3.0,1473,2,1,12,8.7,109.2
Solan,6.6,884,4,4,3,22.4,103.44
Bilaspur,7.7,2630,5,4,38,4.0,210.69
Shimla,3.2,2591,3,3,37,5.1,129.24
Solan,5.8,1811,4,3,34,16.9,127.53
Kullu,9.3,1145,3,3,12,19.7,137.35
Chamba,7.7,3474,3,3,39,20.9,185.41
Solan,4.7,3462,3,2,11,6.2,237.79
Palampur,9.0,3116,5,4,32,22.1,239.9
Chamba,5.4,2526,1,1,4,15.4,146.71
Dharamshala,9.0,1414,3,2,12,20.7,126.41
Mandi,5.1,1910,1,1,23,2.2,151.15
Mandi,7.1,739,5,4,38,9.2,117.14
Dharamshala,5.8,1374,4,3,10,13.4,138.66
Kullu,4.9,2076,1,1,17,14.6,113.2
Palampur,9.2,2028,4,4,33,2.9,197.09
Shimla,4.3,781,3,3,18,13.7,66.48
Bilaspur,3.6,3851,1,1,27,16.8,168.29
Solan,5.4,1438,5,5,16,9.4,144.92
Bilaspur,8.0,2282,2,1,0,12.8,194.45
Mandi,8.7,2128,1,1,11,7.7,182.51
Solan,10.0,2143,4,4,22,21.8,177.41
Dharamshala,5.1,3457,2,2,0,15.2,225.26
Kullu,5.9,3111,4,4,9,14.0,223.82
Shimla,4.0,3536,1,1,38,23.6,127.01
Chamba,7.0,1826,5,5,0,16.8,194.19
Palampur,10.0,1428,3,3,9,7.4,171.83
Palampur,7.9,1995,3,3,24,16.2,151.0
Dharamshala,7.2,2465,5,4,22,24.1,155.37
Dharamshala,5.7,1679,3,2,8,1.1,166.12
Kullu,9.4,2110,1,1,2,15.9,184.89
Chamba,6.5,1028,3,2,35,4.3,109.57
Bilaspur,3.9,2543,4,4,22,20.5,152.03
Dharamshala,5.6,2998,2,1,22,16.2,142.68
Dharamshala,3.5,2345,1,1,2,23.5,93.68
Bilaspur,4.4,3555,1,1,8,16.9,182.08
Bilaspur,3.1,3984,5,4,2,0.9,271.38
Palampur,6.2,3669,1,1,39,13.0,162.92
Dharamshala,7.4,825,3,2,30,22.6,87.3
Bilaspur,5.4,3582,5,5,21,6.2,267.15
Palampur,5.9,1667,2,1,27,2.5,135.47
Bilaspur,9.7,2081,2,1,6,18.1,163.71
Kullu,8.3,1941,4,3,39,12.8,160.52
Solan,6.8,1494,4,3,20,1.7,171.0
Kullu,5.0,3570,1,1,20,7.4,190.37
Mandi,9.3,2732,3,3,38,8.5,225.36
Shimla,4.6,3884,1,1,3,16.9,198.42
Dharamshala,5.3,3841,2,2,16,12.1,240.27
Kullu,9.4,1969,2,2,3,12.4,202.98
Bilaspur,6.7,3044,5,5,17,20.3,215.3
Mandi,8.2,2258,5,4,10,7.3,239.27
Solan,7.1,2231,4,3,18,17.0,189.07
Chamba,7.6,3088,4,3,28,9.5,232.3
Shimla,5.1,2910,1,1,11,10.8,166.3
Chamba,4.7,3691,1,1,2,14.1,191.95
Chamba,5.3,3203,4,3,6,17.5,191.42
Palampur,4.1,2677,3,2,28,23.7,87.07
Mandi,9.1,3717,3,2,23,7.1,268.93
Palampur,5.0,858,4,4,39,3.0,92.16
Dharamshala,6.9,3171,2,2,35,11.0,181.69
Chamba,8.5,1872,4,3,6,13.9,204.02
Dharamshala,8.5,2016,4,3,29,6.1,189.45
Shimla,6.1,3235,2,2,3,22.3,210.93
Bilaspur,6.3,1457,4,4,3,20.1,132.76
Palampur,10.0,3592,1,1,31,12.6,218.91
Solan,7.7,2249,2,2,16,11.5,158.46
Shimla,8.7,1721,4,4,39,1.5,192.17
Bilaspur,9.3,1648,5,4,0,13.7,224.07
Bilaspur,8.5,1973,1,1,20,15.1,138.92
Dharamshala,4.3,3799,4,4,12,22.3,193.3
Bilaspur,6.9,859,3,2,39,12.8,99.48
Bilaspur,3.7,2277,4,3,26,4.4,134.74
Dharamshala,7.6,3422,4,4,30,4.9,261.04
Palampur,9.7,2152,1,1,11,4.4,196.17
Bilaspur,6.6,2481,4,4,35,23.5,151.06
Kullu,6.0,1718,2,2,33,19.9,104.16
Solan,3.3,976,1,1,31,20.7,19.53
Chamba,9.7,2737,3,2,19,21.1,198.59
Mandi,3.7,3719,1,1,36,2.8,194.47
Chamba,3.3,2320,4,4,26,17.7,126.16
Shimla,4.7,2012,3,2,2,17.8,179.99
Palampur,3.5,951,3,2,35,6.0,44.03
Mandi,6.2,3806,1,1,0,12.5,208.28
Mandi,6.6,3542,4,3,27,16.7,226.41
Chamba,5.2,3656,1,1,9,22.5,176.89
Palampur,3.4,1756,2,1,35,3.2,103.47
Bilaspur,3.8,2688,2,2,29,22.4,93.96
Solan,5.7,2014,4,3,32,23.1,115.35
Bilaspur,3.4,1321,3,2,27,23.1,54.9
Kullu,7.9,1219,5,5,22,0.6,177.55
Shimla,4.4,1843,5,5,34,5.9,147.55
Bilaspur,5.1,2436,4,3,11,17.4,146.36
Shimla,5.8,927,1,1,21,8.4,85.63
Kullu,5.9,2957,4,4,11,2.0,252.51
Palampur,3.0,2102,2,2,4,19.2,91.18
Palampur,3.8,3584,5,4,35,1.2,206.04
Shimla,9.0,1475,5,4,19,11.4,197.53
Solan,3.0,680,1,1,2,23.7,8.0
Solan,6.6,1592,1,1,33,11.3,110.64
Mandi,6.4,3906,4,4,37,22.8,208.09
Dharamshala,5.3,1626,1,1,26,10.5,91.01
Solan,6.0,2963,5,5,13,9.0,247.93
Chamba,8.5,3451,3,2,34,3.1,255.9
Chamba,8.9,1495,3,3,29,9.3,160.14
Chamba,4.8,2749,5,5,11,8.8,183.13
Solan,5.3,1215,2,2,13,21.2,87.76
Bilaspur,4.7,1767,3,3,39,23.0,63.26
Solan,6.4,1536,5,5,38,1.0,159.16
Palampur,7.8,2853,1,1,27,2.9,197.7
Kullu,4.6,3565,1,1,1,16.3,211.8
Chamba,5.3,1383,1,1,9,12.4,96.38
Solan,9.5,1519,2,1,14,7.8,151.94
Mandi,3.3,3373,1,1,21,6.9,182.05
Mandi,6.2,2119,1,1,34,6.0,139.26
Kullu,8.0,2295,5,5,33,13.4,201.31
Dharamshala,4.1,2970,3,2,10,0.9,219.64
Dharamshala,3.3,981,2,2,4,18.6,81.24
Palampur,4.0,3551,3,3,11,7.9,202.82
Bilaspur,9.4,1778,5,5,9,11.0,200.92
Dharamshala,3.1,2804,3,2,35,13.4,136.17
Kullu,4.3,2012,3,2,0,5.7,157.88
Mandi,3.2,3135,5,5,33,22.2,150.05
Solan,3.8,2640,1,1,26,17.2,94.78
Kullu,7.3,1106,3,2,4,21.8,121.84
Shimla,4.7,1157,4,3,27,12.1,99.76
Solan,7.0,3570,3,3,23,11.1,227.95
Dharamshala,7.1,2318,5,5,0,6.3,218.36
Shimla,8.9,1465,5,5,8,13.8,206.69
Bilaspur,3.0,1001,2,2,13,15.0,59.31
Kullu,9.0,949,5,4,8,10.8,186.48
Shimla,7.3,3719,2,1,23,4.1,214.99
Palampur,4.1,3916,2,1,24,7.2,203.14
Shimla,8.4,1877,5,4,6,0.8,224.22
Palampur,9.0,1205,1,1,4,8.3,151.17
Solan,4.8,1966,2,1,26,14.7,114.98
Shimla,9.4,978,4,4,18,23.9,134.48
Kullu,6.2,2423,3,3,10,4.9,197.38
Palampur,7.2,2691,5,4,10,1.9,248.28
Solan,9.9,3948,2,2,1,7.8,282.7
Palampur,5.5,1616,3,2,34,4.3,112.55
Bilaspur,8.7,1192,1,1,33,17.5,106.95
Bilaspur,5.2,966,2,2,22,0.6,98.22
Shimla,8.6,1820,1,1,13,24.5,140.14
Mandi,7.2,2603,4,4,8,21.5,203.2
Shimla,4.5,733,2,2,12,12.5,79.59
Dharamshala,5.9,3156,4,4,37,23.1,170.98
Dharamshala,5.2,2110,2,2,3,15.9,136.25
Shimla,3.5,3276,3,3,32,24.8,131.37
Kullu,3.2,2122,5,4,12,7.3,167.58
Palampur,5.4,1044,5,5,10,24.9,78.0
Kullu,3.1,575,1,1,32,4.9,43.53
Chamba,4.2,2449,4,4,38,9.2,139.64
Palampur,8.1,2388,5,4,39,23.4,162.9
Kullu,8.0,3347,4,3,10,9.6,256.6
Kullu,8.2,3570,1,1,23,5.6,232.39
Bilaspur,5.2,1063,4,3,11,2.0,121.77
Chamba,9.2,1601,4,4,7,4.1,215.14
Palampur,7.2,1226,4,3,15,9.2,155.04
Palampur,3.9,873,3,3,2,10.8,70.51
Solan,4.0,508,3,2,6,13.8,48.91
Dharamshala,7.9,788,4,4,23,20.4,116.79
Kullu,4.2,2336,3,3,27,0.8,168.5
Kullu,6.6,1031,4,3,10,21.1,113.65
Shimla,9.9,1181,4,3,22,14.6,149.98
Solan,3.0,912,2,1,30,19.0,28.93
Palampur,3.1,3034,4,3,35,19.0,121.1
Shimla,10.0,2724,4,3,22,22.6,208.75
Shimla,7.1,3867,3,2,9,2.8,259.2
Shimla,3.9,890,4,3,28,14.5,64.76
Palampur,9.3,1230,1,1,6,22.8,107.55
Shimla,9.2,2094,2,1,5,18.1,186.57
Chamba,6.8,2771,4,3,14,2.9,233.42
Solan,7.4,955,5,4,13,15.5,130.98
Bilaspur,4.9,1241,4,3,5,20.1,120.0
Palampur,3.4,1975,4,3,2,7.2,143.44
Kullu,7.2,563,2,1,37,16.0,53.81
Palampur,5.1,1883,4,4,27,21.1,108.33
Mandi,7.6,3154,2,1,28,13.3,200.65
Bilaspur,8.9,2343,1,1,2,5.3,217.57
Chamba,3.1,2019,2,1,31,14.0,97.38
Dharamshala,7.2,2207,4,3,14,14.9,181.04
Kullu,4.6,3813,5,4,29,10.4,191.45
Kullu,9.1,2321,3,3,19,17.2,184.01
Chamba,4.8,2370,5,4,9,11.1,203.6
Dharamshala,7.3,3757,4,3,10,22.0,235.17
Dharamshala,6.9,1051,3,2,5,19.9,87.81
Palampur,5.8,835,5,4,33,20.2,85.81
Bilaspur,7.7,2074,3,2,17,13.4,174.5
Dharamshala,8.1,1615,3,2,31,5.3,146.86
Shimla,7.0,1210,4,4,33,18.2,105.33
Solan,8.3,918,4,3,6,2.2,163.08
Dharamshala,9.9,3573,3,2,13,13.2,273.2
Chamba,5.9,2650,3,2,4,1.8,214.19
Chamba,6.6,2918,5,5,0,13.4,225.7
Bilaspur,3.1,913,1,1,39,17.3,8.0
Bilaspur,8.6,1694,1,1,26,10.8,129.19
Dharamshala,6.6,2672,3,3,18,10.7,208.56
Bilaspur,5.9,2347,1,1,8,3.5,182.29
Palampur,3.7,2932,2,1,23,7.9,151.4
Mandi,9.2,2843,3,3,21,11.4,225.99
Mandi,5.8,1946,3,3,8,21.7,146.63
Kullu,7.8,3240,2,2,0,22.5,209.57
Shimla,4.0,1408,2,1,18,23.9,65.69
Shimla,9.7,780,4,4,20,3.0,188.33
Bilaspur,4.2,3696,5,4,31,7.8,214.79
Kullu,4.4,578,4,4,15,11.8,102.92
Kullu,9.0,1492,3,2,3,16.2,182.84
Solan,9.4,900,1,1,35,17.7,89.07
Dharamshala,4.5,1311,2,2,16,19.8,68.53
Mandi,6.3,1882,3,2,28,12.6,135.34
Dharamshala,8.1,953,2,2,1,14.1,127.62
Bilaspur,9.1,2133,4,3,1,24.0,183.37
Shimla,5.7,3745,2,1,0,6.4,248.59
Chamba,6.6,977,5,5,31,20.2,90.32
Kullu,8.2,3743,2,2,9,17.9,235.7
Mandi,8.1,1939,3,3,31,3.9,173.48
Bilaspur,8.5,2573,4,4,37,23.2,155.34
Solan,7.0,2045,2,1,26,21.5,125.88
Kullu,3.7,1608,4,4,39,19.6,74.04
Mandi,9.3,881,3,3,37,3.6,153.85
Kullu,9.1,2576,4,4,28,3.9,230.41
Solan,8.6,3708,3,2,32,17.2,222.42
Kullu,3.7,2322,5,4,24,3.1,160.5
Palampur,4.4,2597,4,3,8,3.3,197.74
Shimla,8.2,2753,1,1,4,10.3,206.73
Bilaspur,3.2,1859,3,2,15,0.6,145.08
Kullu,9.9,922,5,4,19,18.2,154.33
Mandi,5.6,2274,2,2,13,13.7,172.85
Shimla,8.0,3541,3,2,4,2.4,282.9
Palampur,9.2,1599,4,4,20,13.8,164.77
Palampur,5.8,3550,2,1,19,1.8,211.45
Kullu,5.2,3490,3,2,38,2.2,211.01
Shimla,7.3,1356,3,2,38,12.4,98.08
Palampur,7.1,2512,1,1,24,12.7,161.77
Mandi,5.9,3116,1,1,34,8.8,176.13
Mandi,7.2,2232,3,2,12,15.7,180.57
Bilaspur,9.5,2947,1,1,38,10.0,183.38
Solan,6.3,3688,5,4,37,14.9,233.65
Shimla,4.4,2695,3,3,5,9.1,187.52
Solan,5.6,3432,4,4,28,18.0,190.15
Solan,5.8,3303,2,1,18,14.7,182.71
Dharamshala,3.9,3344,2,2,10,4.4,205.82
Solan,4.1,3483,3,3,16,17.3,176.47
Kullu,7.8,1289,4,4,36,19.7,118.32
Chamba,5.4,564,2,1,36,2.1,83.1
Mandi,9.7,1035,2,2,13,15.4,148.82
Solan,4.7,1373,1,1,18,19.9,65.6
Chamba,3.7,2915,3,2,20,3.3,180.79
Bilaspur,8.3,2284,4,4,29,22.6,160.04
Bilaspur,9.2,2140,3,2,19,10.7,187.07
Bilaspur,4.9,531,2,1,15,18.6,24.97
Chamba,4.4,2892,2,1,36,22.5,114.6
Kullu,4.3,1774,2,1,14,24.7,87.41
Bilaspur,6.7,3162,2,2,10,14.8,200.8
Shimla,6.3,894,2,2,13,17.8,74.06
Bilaspur,4.8,1533,5,5,13,6.7,157.67
Palampur,3.3,691,2,2,22,7.6,69.12
Chamba,6.4,1496,2,1,26,21.3,97.31
Shimla,9.7,3731,4,3,5,10.3,298.75
Shimla,7.6,2217,5,4,35,20.6,185.65
Kullu,6.5,2038,3,3,10,1.7,223.18
Solan,3.8,1457,4,3,4,5.8,131.66
Bilaspur,4.8,1427,1,1,26,4.7,91.45
Kullu,5.1,2835,3,2,8,13.4,189.47
Palampur,8.4,3948,1,1,30,2.5,240.75
Chamba,9.1,3113,1,1,37,8.9,210.3
Palampur,9.3,3079,3,3,27,24.7,200.86
Chamba,9.9,2152,2,2,31,20.0,164.0
Chamba,9.9,845,1,1,19,19.1,97.09
Kullu,9.7,3033,1,1,13,3.8,232.39
Dharamshala,3.5,3330,4,4,24,9.4,168.0
Chamba,4.0,2286,3,2,14,17.2,145.73
Chamba,5.1,820,2,1,35,1.0,88.6
Kullu,6.9,2995,5,5,18,11.1,240.33
Solan,3.7,3723,2,2,19,23.3,165.62
Kullu,8.9,1287,5,4,26,2.5,158.71
Solan,7.3,1058,2,1,7,22.7,86.29
Palampur,6.8,3085,1,1,22,5.3,192.96
Solan,4.2,1661,1,1,30,5.1,79.44
Mandi,4.8,3002,2,2,31,5.3,150.08
Bilaspur,4.1,2961,1,1,8,23.3,120.33
Palampur,9.0,1433,1,1,2,15.3,147.68
Palampur,7.1,647,2,1,7,18.9,83.74
Palampur,8.1,2445,5,4,32,9.5,217.07
Solan,5.1,1927,2,1,10,21.9,131.3
Dharamshala,5.6,3493,2,1,2,14.8,216.37
Chamba,5.8,1752,5,5,23,15.2,146.07
Palampur,8.3,1373,2,2,35,18.9,125.02
Chamba,8.4,3510,5,5,8,19.5,246.12
Bilaspur,4.4,3075,4,4,1,17.2,173.57
Palampur,9.6,2664,5,5,5,3.4,271.12
Mandi,3.8,3838,3,3,5,21.7,208.65
Chamba,9.3,3240,3,2,8,6.9,266.75
Kullu,3.7,3531,2,2,7,24.9,148.79
Solan,4.9,3296,3,3,25,9.9,184.12
Solan,8.9,1905,4,3,8,3.4,205.01
Mandi,4.3,718,5,4,21,8.2,83.05
Chamba,5.9,2625,1,1,16,14.6,168.36
Bilaspur,6.1,3177,1,1,26,10.1,174.61
Mandi,4.7,3971,1,1,26,20.8,191.89
Dharamshala,8.0,2885,4,3,23,17.2,194.28
Dharamshala,9.0,2489,1,1,35,5.7,186.29
Mandi,9.1,2515,5,4,7,13.7,241.89
Kullu,5.4,902,2,1,20,19.8,68.41
Shimla,6.7,525,2,2,15,22.3,63.29
Dharamshala,4.7,659,5,4,21,10.2,107.32
Dharamshala,4.7,3667,4,4,5,23.1,217.44
Dharamshala,4.1,3266,3,2,12,1.4,198.65
Bilaspur,9.6,1410,5,5,37,17.1,167.41
Kullu,9.2,1982,4,3,32,19.7,161.84
Kullu,8.4,2192,4,3,17,10.9,190.35
Chamba,6.6,1363,2,1,4,0.8,162.62
Dharamshala,6.4,1979,5,5,25,17.3,169.62
Shimla,6.7,1716,4,4,12,8.9,166.15
Dharamshala,6.8,2931,5,5,13,4.2,245.33
Bilaspur,6.0,3150,5,4,3,4.3,239.91
Bilaspur,3.9,844,3,2,11,19.3,38.63
Shimla,3.9,2128,2,1,8,5.1,139.12
Mandi,9.7,3969,5,4,1,12.4,330.89
Shimla,6.4,3539,5,5,23,24.3,207.99
Palampur,9.7,3278,1,1,38,19.1,207.31
Shimla,4.1,3072,4,3,5,13.9,191.51
Palampur,6.9,515,4,3,2,13.4,114.54
Shimla,4.5,3909,4,3,4,4.6,255.46
Palampur,4.8,3073,5,4,21,11.4,214.34
Shimla,3.2,3609,2,1,33,4.1,163.57
Kullu,3.8,3681,5,4,12,2.5,246.75
Chamba,9.4,1390,4,4,4,3.2,205.02
Bilaspur,5.3,548,1,1,3,15.4,54.8
Dharamshala,7.3,2806,3,3,24,5.2,211.93
Dharamshala,6.3,2106,1,1,14,4.2,155.95
Bilaspur,5.8,571,5,4,14,21.7,98.61
Dharamshala,6.7,1447,4,3,9,3.5,171.44
Palampur,4.3,3968,5,5,35,17.8,217.38
Bilaspur,9.9,1771,4,4,14,10.7,208.56
Dharamshala,8.7,1413,2,2,28,14.7,144.22
Kullu,8.2,2790,3,2,29,1.1,217.89
Palampur,6.3,2826,5,5,2,0.5,255.83
Mandi,4.1,1662,1,1,9,20.5,87.88
Mandi,9.4,3472,5,5,35,12.1,258.92
Chamba,5.4,2531,3,2,35,2.2,173.12
Mandi,3.4,1061,3,2,16,8.9,110.53
Shimla,5.4,1637,4,3,6,12.9,134.45
Kullu,8.6,3467,1,1,11,3.8,268.76
Palampur,7.4,812,1,1,37,13.9,58.76
Kullu,8.3,542,1,1,26,13.5,92.39
Palampur,8.6,2797,4,4,3,15.3,246.81
Solan,4.5,2046,1,1,28,20.4,87.55
Mandi,9.5,1384,4,4,5,10.6,192.59
Solan,6.1,2152,1,1,12,22.3,114.54
Palampur,7.5,1142,4,3,19,12.1,128.0
Mandi,3.0,1809,5,5,14,11.7,135.17
Kullu,10.0,1318,3,2,27,16.6,141.22
Solan,5.0,2552,2,2,6,15.6,158.65
Shimla,3.4,2857,3,2,35,0.8,144.1
Kullu,6.2,3701,4,3,23,24.6,203.34
Bilaspur,3.9,737,4,4,12,23.6,75.64
Dharamshala,4.1,1644,4,4,38,7.4,123.69
Dharamshala,7.4,1425,3,3,19,14.2,135.64
Chamba,5.8,2527,4,4,16,19.4,199.84
Palampur,9.5,2365,2,2,0,23.1,184.37
Bilaspur,5.2,3571,2,1,39,14.9,164.88
Mandi,8.1,3716,5,5,33,1.0,268.41
Mandi,6.2,3205,3,2,7,17.2,198.52
Dharamshala,7.6,1196,5,5,37,2.8,179.33
Bilaspur,7.2,642,4,4,31,16.9,85.93
Bilaspur,6.3,3647,3,2,16,14.9,201.51
Chamba,9.7,3799,3,2,37,16.2,251.86
Mandi,5.4,1376,4,3,22,5.1,139.46
Solan,4.2,663,1,1,27,12.6,43.52
Solan,7.7,2882,3,3,7,15.6,210.95
Chamba,8.9,2560,4,3,4,7.9,231.34
Solan,3.3,3610,1,1,21,4.9,177.48
Mandi,6.1,2513,1,1,13,6.0,176.84
Mandi,9.2,3161,1,1,39,21.5,171.43
Kullu,8.2,3252,3,3,3,11.9,254.73
Shimla,9.9,534,2,1,30,16.7,84.98
Kullu,6.7,1019,3,3,24,13.1,110.83
Dharamshala,7.6,3230,1,1,35,20.9,161.94
Bilaspur,5.1,1127,2,2,39,13.0,54.64
Solan,9.6,1221,1,1,34,2.8,139.98
Chamba,5.6,3132,5,4,14,5.4,231.68
Kullu,8.2,1215,3,3,27,0.8,164.94
Chamba,5.8,1023,1,1,6,20.9,83.44
Mandi,6.9,547,3,3,19,16.8,89.89
Shimla,8.0,2143,5,4,10,19.1,173.89
Dharamshala,6.6,2728,5,4,10,18.0,193.98
Bilaspur,9.3,3060,5,4,22,20.7,225.85
Solan,5.9,3669,3,3,5,24.7,200.04
Kullu,7.5,2779,2,2,22,16.5,170.39
Solan,5.4,3147,2,2,16,6.7,208.51
Chamba,5.9,1237,2,2,9,3.0,142.05
Mandi,6.1,1691,5,5,22,14.9,145.74
Chamba,3.9,1563,1,1,30,19.4,58.62
Solan,3.6,727,5,4,24,14.3,76.57
Palampur,7.7,3891,5,5,3,7.9,305.63
Bilaspur,7.6,1344,5,4,22,18.1,155.63
Shimla,7.6,2070,4,3,24,11.5,167.56
Palampur,3.1,1749,5,4,27,7.5,125.59
Chamba,5.3,655,1,1,17,21.1,25.23
Mandi,4.4,3661,5,4,3,14.6,224.63
Bilaspur,8.4,1268,3,3,5,7.4,155.01
Mandi,9.0,851,5,5,13,8.6,160.38
Chamba,4.7,1698,1,1,25,14.5,84.96
Dharamshala,7.7,1003,5,5,29,10.9,136.94
Mandi,3.9,3998,3,3,26,4.4,220.75
Mandi,4.9,1161,1,1,12,15.5,70.61
Shimla,4.0,1559,3,2,17,17.4,112.71
Kullu,5.0,1449,1,1,1,0.5,121.31
Dharamshala,7.7,592,1,1,31,13.7,50.5
Palampur,9.4,545,3,2,14,14.6,110.2
Mandi,4.4,2295,5,4,20,8.6,169.43
Mandi,6.8,1314,1,1,17,8.8,119.97
Bilaspur,7.9,792,2,2,11,8.3,130.67
Mandi,9.7,1519,2,1,6,11.4,183.27
Dharamshala,7.3,1459,3,3,38,20.4,99.24
Palampur,4.8,1984,1,1,4,12.0,122.12
Mandi,7.4,3973,4,3,37,24.8,233.45
Shimla,5.2,1574,3,3,4,9.7,109.11
Mandi,9.8,2966,5,5,3,17.6,268.04
Bilaspur,5.8,3189,2,2,36,13.9,170.7
Bilaspur,7.8,677,3,3,37,19.2,97.69
Shimla,3.2,2254,1,1,35,22.3,42.11
Dharamshala,5.8,2070,5,5,31,13.0,153.71
Bilaspur,9.1,2276,5,4,19,12.6,201.45
Solan,7.3,1100,2,1,4,23.6,76.84
Mandi,6.1,2127,3,3,23,23.4,123.34
Dharamshala,9.6,930,5,5,20,24.9,147.78
Palampur,9.0,3810,2,2,29,4.3,276.13
Mandi,5.3,2554,2,1,1,0.6,189.67
Palampur,6.8,620,2,2,3,11.2,112.44
Shimla,6.4,2269,4,3,23,18.5,152.68
Palampur,7.4,3742,2,2,34,2.3,245.18
Kullu,5.3,3100,1,1,37,9.7,165.94
Chamba,4.7,1455,1,1,22,14.7,73.53
Shimla,9.4,3623,5,5,14,5.7,320.25
Palampur,9.5,1149,5,5,18,18.4,149.03
Mandi,8.9,1363,5,4,20,6.1,195.98
Palampur,9.8,1042,2,2,24,21.1,125.96
Mandi,8.2,3730,3,3,9,9.0,282.81
Dharamshala,8.4,3009,3,2,15,15.2,202.52
Mandi,8.3,2312,3,2,21,13.8,178.33
Dharamshala,6.4,2837,1,1,34,7.8,164.75
Dharamshala,6.2,1405,3,3,32,11.3,117.75
Solan,4.7,747,1,1,30,21.2,21.65
Kullu,7.5,3460,2,1,8,13.9,242.08
Kullu,5.0,3874,2,2,16,1.9,220.81
Solan,4.8,624,4,3,22,18.0,61.2
Mandi,7.1,680,5,5,38,5.0,102.25
Shimla,5.9,2458,4,4,14,12.4,192.94
Mandi,4.5,650,3,3,36,12.0,58.71
Chamba,8.7,3025,3,3,29,12.4,256.29
Dharamshala,9.0,3808,3,2,25,1.3,293.19
Bilaspur,4.2,1479,1,1,28,7.2,85.57
Dharamshala,3.1,1530,5,5,31,1.7,131.1
Palampur,5.4,3522,5,4,27,10.7,221.18
Kullu,8.6,1746,2,2,26,15.7,142.63
Palampur,8.9,1340,1,1,15,16.5,127.96
Shimla,4.0,794,1,1,17,2.1,48.62
Bilaspur,8.4,3439,4,3,23,3.4,268.8
Bilaspur,3.8,3740,1,1,33,16.7,152.4
Solan,5.7,774,1,1,26,13.5,76.63
Bilaspur,10.0,3310,4,4,39,20.9,224.4
Bilaspur,4.3,1059,1,1,27,5.5,59.72
Bilaspur,4.1,986,1,1,16,3.4,83.37
Chamba,6.0,1833,1,1,23,9.4,120.46
Palampur,7.3,2028,4,3,24,16.1,157.86
Palampur,9.5,3489,2,2,34,12.4,213.74
Dharamshala,9.9,2949,2,2,10,2.9,255.96
Palampur,3.5,1006,4,4,9,2.2,113.36
Shimla,4.0,2544,1,1,8,17.1,123.75
Bilaspur,8.5,3564,3,2,2,7.8,283.03
Bilaspur,4.9,2817,3,3,27,16.9,144.9
Shimla,9.2,1304,4,4,38,7.7,154.92
Dharamshala,7.6,950,4,3,24,8.2,139.18
Dharamshala,3.8,2083,4,4,2,5.6,169.02
Shimla,8.8,2152,2,2,14,24.6,185.77
Solan,4.2,1734,1,1,36,0.9,101.75
Mandi,6.0,882,3,2,2,3.6,118.31
Dharamshala,6.9,913,1,1,24,21.0,51.11
Chamba,6.5,2351,3,3,17,3.9,180.85
Chamba,7.8,3805,4,3,36,7.4,242.3
Palampur,7.6,2592,5,4,20,6.9,232.41
Kullu,9.9,2033,4,4,22,17.6,180.33
Dharamshala,10.0,3759,5,4,28,10.6,286.0
Palampur,6.6,2916,3,3,32,21.1,176.4
Chamba,3.7,3012,3,3,20,18.8,144.46
Dharamshala,8.1,2513,2,2,28,13.5,180.49
Kullu,9.8,3170,4,3,32,6.6,233.67
Kullu,5.2,2256,5,5,21,19.9,150.6
Shimla,6.2,2677,2,2,28,21.7,127.52
Solan,6.0,2658,1,1,14,21.0,143.51
Mandi,3.4,3134,1,1,14,1.8,161.87
Chamba,7.7,3644,4,4,0,17.6,288.74
Kullu,5.5,1529,4,4,26,17.7,93.82
Kullu,8.5,2947,1,1,10,23.6,194.96
Solan,8.8,610,1,1,32,7.0,104.29
Palampur,8.7,2363,4,3,38,19.8,171.11
Kullu,5.9,3645,2,1,35,17.4,176.96
Bilaspur,5.3,2758,3,2,11,22.0,179.27
Shimla,8.2,1436,2,2,26,17.5,147.82
Mandi,8.6,2622,4,4,30,21.4,184.48
Bilaspur,6.4,1752,4,3,20,9.3,158.14
Solan,9.3,2015,1,1,20,4.4,175.53
Dharamshala,4.0,1298,1,1,17,9.4,64.06
Palampur,9.2,2686,3,3,12,20.5,212.48
Shimla,3.7,1194,4,3,22,3.7,112.42
Shimla,4.1,2052,1,1,39,16.1,54.29
Kullu,6.7,3787,1,1,8,24.7,202.68
Shimla,3.5,3151,4,3,1,22.4,178.57
Mandi,3.4,1950,3,3,2,16.9,116.27
Shimla,3.0,3891,1,1,23,19.9,144.03
Solan,6.1,548,4,4,10,3.4,132.13
Chamba,8.4,3859,1,1,18,12.7,256.75
Kullu,3.2,1732,2,1,38,13.5,68.27
Kullu,7.6,3372,4,4,3,19.7,251.7
Dharamshala,8.8,3816,2,2,6,7.4,267.71
Solan,4.2,2606,1,1,8,3.1,158.77
Dharamshala,4.0,2636,5,5,18,17.6,173.64
Kullu,9.0,3122,2,1,27,12.6,193.51
Mandi,8.8,1339,3,3,7,21.1,148.11
Kullu,6.8,1123,5,4,4,12.3,161.37
Shimla,8.7,1702,5,5,3,21.2,188.47
Dharamshala,3.6,2176,5,4,32,12.9,136.08
Mandi,5.8,3100,2,2,1,19.7,187.38
Bilaspur,8.2,1400,5,5,25,18.2,144.57
Solan,4.8,2476,1,1,23,7.0,125.48
Shimla,8.3,512,2,2,4,8.1,122.53
Kullu,6.5,608,1,1,22,22.5,57.06
Palampur,8.3,3883,3,3,11,6.2,296.27
Dharamshala,6.3,3476,5,5,20,17.6,225.4
Palampur,5.6,3523,4,3,5,4.1,250.41
Dharamshala,4.5,1650,5,4,26,19.0,106.67
Shimla,4.5,2297,1,1,31,6.0,116.19
Solan,8.3,2861,4,4,0,15.1,245.07
Mandi,3.8,1389,4,3,21,14.3,108.8
Shimla,3.6,3105,3,2,25,5.5,201.93
Palampur,4.2,2925,1,1,0,12.5,155.32
Dharamshala,4.2,1925,1,1,28,22.0,75.44
Dharamshala,8.8,2021,5,4,21,17.2,196.39
Kullu,5.8,1575,2,1,12,24.8,86.28
Bilaspur,9.9,3311,4,4,19,19.7,237.27
Kullu,4.0,3954,5,4,27,16.3,218.04
Chamba,7.6,3998,3,2,25,14.3,268.16
Kullu,6.1,3199,2,1,31,23.5,152.23
Kullu,5.8,1721,3,2,1,13.4,137.68
Chamba,9.1,3233,2,1,31,10.4,214.78
Kullu,9.8,1355,1,1,1,20.9,127.72
Dharamshala,9.1,3638,5,4,26,23.5,246.48
Kullu,4.3,1435,2,2,13,12.2,106.02
Bilaspur,4.5,1910,4,3,2,3.9,164.47
Mandi,7.6,826,4,3,27,15.4,68.18
Solan,5.0,784,3,2,22,18.7,63.39
Mandi,8.1,1879,3,3,26,9.7,160.83
Palampur,7.0,2425,1,1,15,18.8,136.38
Shimla,6.9,560,3,2,11,13.5,87.74
Bilaspur,8.8,3461,4,3,24,7.9,265.58
Palampur,8.0,900,1,1,8,15.9,98.24
Bilaspur,3.2,3994,2,2,32,10.0,195.1
Dharamshala,3.3,1450,4,3,27,19.8,85.04
Shimla,7.2,1826,5,4,39,0.6,177.04
Mandi,6.4,1059,2,2,1,20.5,93.95
Bilaspur,4.8,3385,5,5,23,8.0,227.76
Palampur,5.9,3062,1,1,22,24.0,139.45
Dharamshala,8.3,774,3,2,34,19.1,64.07
Shimla,8.8,869,5,4,16,6.4,191.35
Dharamshala,6.9,2631,3,2,37,24.5,144.72
Chamba,5.7,3530,3,2,9,12.7,214.58
Bilaspur,4.9,884,1,1,34,13.3,19.59
Shimla,6.7,1273,3,2,20,22.8,93.08
Kullu,5.2,2408,3,3,37,23.0,106.1
Mandi,6.9,880,5,5,8,17.6,132.39
Dharamshala,7.7,1565,2,2,10,24.5,93.51
Solan,3.5,535,2,1,22,8.6,36.43
Chamba,3.0,2247,4,3,22,6.2,137.72
Solan,4.5,3003,5,4,5,1.2,234.57
Palampur,9.3,1941,2,1,26,9.0,166.81
Chamba,7.5,1398,4,4,16,15.3,148.75
Mandi,4.2,1985,5,4,6,8.0,188.98
Palampur,9.2,2283,4,4,20,14.7,199.14
Kullu,6.3,1080,3,2,27,1.7,111.66
Shimla,6.3,890,2,1,1,9.2,92.66
Bilaspur,9.5,1136,2,1,36,18.8,96.15
Bilaspur,3.4,3948,1,1,24,3.1,180.11
Dharamshala,4.5,3030,1,1,10,18.0,161.47
Mandi,7.1,938,3,2,30,19.2,81.1
Mandi,4.4,1554,1,1,33,14.4,76.58
Dharamshala,7.8,1941,1,1,38,22.2,117.67
Bilaspur,4.5,1134,4,3,31,23.9,49.58
Kullu,3.7,3480,1,1,8,1.3,197.04
Palampur,4.4,3792,1,1,6,17.1,205.49
Solan,6.0,1357,3,3,8,6.3,148.05
Kullu,4.2,557,5,4,35,10.5,75.07
Shimla,3.9,1434,4,3,12,15.8,118.19
Mandi,9.0,2538,1,1,13,18.0,189.27
Mandi,5.2,3329,1,1,35,21.1,142.1
Dharamshala,5.5,1688,4,3,8,17.8,152.98
Solan,3.4,1456,4,3,16,19.5,87.05
Palampur,5.5,1371,2,2,11,15.2,110.87
Solan,4.9,510,5,4,12,3.4,114.61
Kullu,7.3,549,5,5,23,1.0,156.95
Dharamshala,4.4,1997,4,3,29,13.5,115.31
Chamba,9.2,2661,4,4,10,18.0,205.55
Palampur,9.5,543,4,3,1,3.2,181.83
Solan,3.7,1200,1,1,25,11.0,45.36
Solan,3.8,3684,4,3,21,6.8,203.21
Dharamshala,3.8,3965,5,5,26,14.4,237.48
Dharamshala,7.3,2746,2,1,18,10.1,199.74
Solan,3.9,2325,1,1,31,5.4,112.79
Mandi,9.0,2540,2,2,24,0.6,181.97
Palampur,8.3,1796,2,1,30,8.4,154.5
Dharamshala,8.7,1205,5,5,29,13.1,164.55
Dharamshala,6.7,1815,3,3,19,23.3,129.79
Palampur,10.0,2949,4,3,12,6.1,275.13
Palampur,3.3,2819,5,4,23,13.1,164.85
Kullu,5.8,2870,4,4,25,14.4,181.2
Bilaspur,5.3,2630,4,3,22,16.4,150.76
Chamba,9.6,711,5,4,20,8.5,153.28
Dharamshala,7.0,2692,4,3,13,2.9,232.03
Dharamshala,8.6,3582,2,1,5,23.1,229.82
Chamba,4.2,2771,4,3,17,23.8,155.13
Chamba,9.9,2527,2,2,35,11.2,175.38
Bilaspur,6.5,1283,2,2,28,14.7,75.21
Mandi,6.5,3273,4,4,30,1.2,232.97
Mandi,9.8,2080,2,1,29,1.7,183.15
Palampur,5.7,1420,1,1,36,2.4,101.41
Solan,5.8,2214,5,4,9,18.6,156.83
Mandi,7.1,927,3,3,28,6.1,132.25
Chamba,3.9,3742,4,3,2,5.0,235.63
Mandi,5.2,2958,5,4,9,0.7,259.11
Dharamshala,4.4,1642,4,3,1,1.1,173.35
Chamba,3.7,3278,4,3,17,10.4,180.63
Mandi,9.1,689,4,4,5,13.8,176.1
Shimla,7.1,1851,2,2,15,14.7,145.37
Kullu,5.5,2779,5,4,5,11.7,216.64
Shimla,5.9,582,4,3,1,11.8,111.97
Mandi,6.0,2980,1,1,19,19.0,159.1
Bilaspur,7.4,3363,1,1,16,7.6,223.36
Mandi,9.5,2579,5,4,16,6.3,243.59
Shimla,9.5,1221,5,5,13,21.4,162.86
Chamba,5.7,3121,5,4,16,17.4,208.61
Kullu,5.3,1686,1,1,0,12.2,130.4
Chamba,6.2,3075,5,5,19,7.2,242.51
Shimla,7.0,2698,5,5,33,3.8,222.34
Chamba,6.2,826,4,3,5,1.4,140.25
Bilaspur,7.6,849,3,2,5,21.4,99.47
Solan,6.9,553,3,2,31,15.0,56.79
Solan,5.2,751,3,3,20,1.6,113.63
Dharamshala,5.4,1548,1,1,10,4.4,117.95
Kullu,5.7,589,3,3,31,7.3,77.71
Palampur,3.7,3784,2,2,12,6.9,212.46
Dharamshala,4.2,3708,2,2,24,13.9,182.94
Solan,8.1,1104,1,1,22,10.3,110.92
Bilaspur,5.7,1589,3,3,6,22.1,107.62
Kullu,4.5,3097,1,1,30,18.1,133.96
Bilaspur,6.9,2812,5,5,24,22.8,186.75
Solan,8.3,2535,5,4,8,21.6,210.16
Chamba,4.8,3962,5,4,30,23.1,219.66
Mandi,8.8,2704,2,2,24,24.5,174.59
Palampur,9.5,2843,1,1,34,8.1,191.06
Mandi,7.2,2257,3,3,32,5.6,174.1
Mandi,7.7,2337,4,3,12,4.5,237.21
Dharamshala,3.4,1518,1,1,37,15.9,40.15
Chamba,9.6,2323,5,5,1,17.2,239.55
Shimla,5.7,3713,3,3,13,2.7,258.94
Kullu,9.5,1819,5,5,24,20.6,184.66
Solan,7.1,966,1,1,21,19.7,67.79
Bilaspur,3.0,2599,3,3,9,15.9,133.56
Mandi,3.3,3248,3,3,7,11.2,188.18
Chamba,7.8,3855,1,1,31,4.3,242.98
Shimla,6.9,2397,4,4,35,12.9,186.35
Shimla,3.2,3258,5,4,27,4.4,183.61
Bilaspur,8.2,1376,3,3,21,15.3,159.18
Solan,9.0,1984,2,2,30,8.1,166.19
Dharamshala,6.5,1966,4,4,9,6.6,200.49
Shimla,6.3,1663,2,1,38,11.3,93.79
Mandi,3.0,3006,2,1,4,14.7,133.73
Kullu,8.5,3592,4,4,23,9.5,248.73
Chamba,5.3,1643,3,2,13,24.1,95.83
Mandi,9.2,975,2,1,36,0.6,139.58
Kullu,5.6,3389,3,3,9,22.9,193.51
Palampur,7.0,3473,5,4,25,0.5,264.63
Solan,4.9,3772,3,3,6,5.8,258.02
Kullu,4.1,1392,1,1,7,24.9,58.89
Kullu,8.4,3016,5,4,16,18.3,236.19
Palampur,6.5,3004,4,4,31,16.3,226.92
Bilaspur,6.8,3265,2,2,11,18.3,198.24
Mandi,9.8,3321,5,5,27,10.5,264.84
Shimla,9.7,3833,5,4,22,19.7,281.15
Mandi,9.0,2169,5,4,39,4.3,217.62
Mandi,4.3,765,2,2,12,20.0,54.44
Dharamshala,7.2,1172,5,5,9,23.5,137.07
Solan,9.1,3603,5,5,36,21.5,260.07
Solan,5.6,3456,5,4,13,18.6,237.93
Bilaspur,3.7,538,3,2,8,16.5,52.45
Kullu,8.7,1786,2,2,32,13.3,135.26
Shimla,6.4,1358,2,1,32,10.2,104.4
Chamba,7.0,1622,5,4,2,21.7,153.09
Chamba,9.9,2735,3,3,34,16.4,213.38
Kullu,7.3,2285,5,5,25,11.2,202.25
Kullu,6.0,2183,3,3,11,19.7,180.87
Bilaspur,5.6,2022,3,2,21,1.8,180.63
Chamba,5.9,2745,1,1,9,20.4,136.56
Shimla,3.8,2890,3,3,6,20.4,151.9
Kullu,8.6,652,3,3,5,6.1,126.04
Solan,8.9,980,1,1,6,1.4,127.43
Dharamshala,5.0,1694,1,1,23,18.0,82.9
Palampur,5.1,2024,3,3,32,5.4,126.35
Solan,9.1,3986,2,2,19,24.9,254.09
Kullu,3.2,3620,4,3,0,0.7,257.58
Shimla,6.6,2770,3,2,17,6.1,199.86
Solan,6.2,626,3,3,29,1.5,99.28
Bilaspur,7.8,852,1,1,33,19.7,80.15
Bilaspur,4.1,2100,3,2,29,14.7,130.57
Solan,7.7,2554,3,2,14,21.3,163.75
Dharamshala,5.6,2811,3,2,25,24.1,130.03
Shimla,7.3,996,2,1,2,15.4,111.19
Chamba,3.3,3606,1,1,16,6.2,187.18
Kullu,6.2,2226,5,4,21,2.8,194.87
Mandi,6.7,2578,5,5,1,21.7,210.83
Bilaspur,4.5,637,5,4,0,6.5,147.12
Kullu,4.0,3385,2,2,32,22.4,120.73
Solan,4.3,2400,4,4,8,22.0,142.85
Mandi,5.4,1279,1,1,5,15.9,75.64
Chamba,3.7,1615,5,5,23,15.3,106.55
Dharamshala,9.6,1734,1,1,11,23.8,134.85
Palampur,5.8,594,3,2,39,19.0,33.0
Chamba,8.7,3797,5,4,37,17.2,257.24
Mandi,9.8,3310,4,4,32,11.2,255.4
Solan,3.6,3600,5,5,12,12.4,227.07
Chamba,7.6,1737,3,3,35,10.0,140.18
Bilaspur,9.1,2452,1,1,10,23.7,163.45
Dharamshala,7.4,2103,1,1,9,16.1,144.3
Kullu,6.0,2164,1,1,38,19.6,91.52
Solan,6.0,2561,1,1,26,1.4,172.45
Kullu,3.3,2078,3,3,3,21.4,93.51
Bilaspur,6.7,3206,1,1,35,10.7,177.02
Solan,10.0,705,1,1,6,18.6,103.92
Bilaspur,9.7,1174,3,3,27,1.5,168.01
Palampur,3.3,3623,4,3,17,22.4,157.68
Mandi,7.9,3588,4,4,0,16.7,261.55
Palampur,5.1,3363,1,1,31,11.7,166.86
Mandi,9.3,1790,5,4,27,7.9,205.77
Kullu,3.3,2096,3,2,35,8.1,94.55
Chamba,9.6,588,2,2,24,7.9,126.0
Solan,8.9,1478,2,1,30,3.7,165.48
Bilaspur,3.8,3042,5,5,36,11.9,169.6
Bilaspur,3.4,1700,3,2,39,11.6,79.73
Palampur,8.8,2180,2,2,22,10.6,154.3
Bilaspur,4.1,931,3,2,0,17.7,71.62
Bilaspur,6.7,2237,1,1,13,10.8,157.17
Palampur,9.4,3026,1,1,24,2.7,239.83
Palampur,7.0,2502,2,1,4,21.4,155.78
Kullu,5.8,2448,2,1,4,10.9,202.32
Mandi,6.1,3701,2,2,15,16.6,212.83
Shimla,3.4,1319,1,1,36,23.3,8.0
Mandi,9.8,1548,4,4,12,19.3,193.12
Shimla,5.2,2680,1,1,37,13.7,107.75
Bilaspur,4.3,2180,2,2,32,13.9,110.47
Solan,5.0,3927,5,4,12,21.3,219.37
Palampur,9.8,708,1,1,9,20.7,87.66
Chamba,3.7,928,2,1,33,4.9,70.14
Chamba,9.1,1696,3,3,30,15.8,149.06
Bilaspur,8.0,2104,2,2,25,21.7,157.98
Bilaspur,8.8,3616,2,2,39,20.2,190.74
Palampur,9.8,2229,1,1,4,3.6,198.51
Chamba,8.9,2030,3,3,15,11.2,186.13
Shimla,9.6,1083,4,4,24,13.2,189.86
Mandi,3.9,2019,3,3,2,6.8,165.82
Mandi,8.6,2360,5,5,39,17.1,193.82
Bilaspur,6.8,2543,4,3,22,12.2,194.82
Dharamshala,6.8,2620,4,4,12,7.8,210.54
Solan,9.3,2003,3,3,9,8.8,240.35
Palampur,9.8,1050,4,4,0,21.5,168.9
Dharamshala,7.9,1034,3,3,23,21.7,106.49
Chamba,6.4,1041,5,4,39,20.4,101.64
Kullu,6.2,2665,3,3,1,22.9,161.28
Bilaspur,5.7,3497,3,3,16,23.8,178.87
Palampur,5.5,3590,1,1,26,12.5,179.25
Mandi,5.7,1589,5,4,17,2.9,182.43
Dharamshala,3.6,778,3,3,26,20.1,23.8
Chamba,3.5,2706,4,3,28,16.0,139.36
Shimla,8.5,634,4,3,38,9.8,107.68
Kullu,6.1,2693,1,1,24,24.4,104.97
Solan,9.5,1840,4,3,28,8.8,183.65
Dharamshala,7.3,3437,3,3,12,22.7,219.36
Chamba,3.2,2688,2,2,6,15.0,124.46
Chamba,4.1,3089,2,1,3,1.4,218.62
Mandi,4.4,1920,4,3,4,21.6,134.74
Mandi,9.8,3442,1,1,33,19.2,208.18
Bilaspur,4.5,2337,4,4,1,16.2,168.9
Dharamshala,6.6,2688,5,5,19,15.6,190.27
Shimla,9.6,1762,1,1,24,5.9,158.72
Shimla,9.8,2073,1,1,26,5.8,185.29
Kullu,4.7,3440,1,1,2,1.2,210.42
Kullu,3.3,1877,4,4,34,4.3,127.04
Dharamshala,4.1,574,5,5,17,8.7,85.53
Solan,3.4,1826,5,5,0,13.7,156.88
Solan,4.4,1871,1,1,5,3.7,141.3
Solan,7.0,1964,3,3,34,14.2,118.79
Palampur,9.4,747,1,1,37,7.0,102.42
Mandi,6.8,952,2,1,30,6.7,77.77
Mandi,7.4,1634,2,2,13,23.7,95.19
Mandi,4.4,1983,4,4,37,24.8,85.17
Bilaspur,8.6,601,5,4,11,20.4,160.79
Solan,7.3,1863,5,5,9,1.8,226.7
Chamba,9.0,1620,1,1,30,18.4,134.29
Solan,9.6,621,2,1,12,4.9,145.98
Dharamshala,5.4,1376,2,2,20,14.4,98.07
Chamba,3.6,1462,2,1,26,22.4,59.61
Chamba,4.6,1002,2,2,6,9.8,87.48
Dharamshala,6.1,3131,4,4,37,23.3,173.45
Solan,9.6,753,4,3,6,17.9,159.44
Mandi,5.6,2522,5,4,39,7.9,184.01
Mandi,8.4,2828,4,4,11,2.8,272.43
Chamba,6.8,3321,2,1,16,20.5,188.49
Mandi,4.3,2409,1,1,10,11.7,154.4
Chamba,5.2,2399,2,2,21,2.3,163.47
Bilaspur,7.6,3162,4,4,0,3.0,300.0
Palampur,7.7,3489,5,5,6,24.2,254.03
Bilaspur,6.0,1238,2,1,20,6.5,106.15
Dharamshala,4.6,3286,1,1,27,24.2,115.56
Dharamshala,8.1,2118,1,1,38,17.2,113.45
Shimla,4.2,843,1,1,33,7.9,34.35
Shimla,9.6,2643,4,3,36,9.9,214.7
Dharamshala,4.3,3919,3,2,31,19.5,165.72
Solan,3.8,992,4,3,31,11.2,89.89
Kullu,6.5,551,1,1,13,2.3,96.53
Kullu,6.6,3707,3,3,36,6.1,229.23
Palampur,6.6,2588,1,1,38,21.6,102.2
Solan,6.1,1266,2,2,20,17.6,82.46
Dharamshala,10.0,3273,4,4,4,12.8,254.8
Kullu,6.4,1877,2,1,1,6.5,184.63
Shimla,6.3,1661,4,3,19,12.1,128.6
Bilaspur,6.0,1514,2,1,25,19.8,70.99
Dharamshala,3.5,2594,3,2,22,2.5,177.74
Dharamshala,7.2,970,3,2,35,24.9,70.93
Palampur,4.6,1767,2,2,21,21.6,87.38
Kullu,7.5,1567,1,1,26,8.3,128.91
Chamba,3.4,712,3,3,30,21.8,37.15
Solan,9.9,3171,5,4,35,17.2,240.63
Dharamshala,6.3,529,4,3,24,16.8,59.84
Palampur,9.3,3859,4,3,22,3.9,304.88
Solan,6.3,832,5,4,3,22.7,118.6
Palampur,3.4,1753,1,1,25,11.5,91.79
Chamba,8.8,844,4,4,7,20.2,122.43
Bilaspur,7.5,1784,2,1,14,7.8,148.19
Palampur,8.5,2638,4,3,21,8.0,227.92
Kullu,6.0,806,5,4,3,24.1,94.21
Dharamshala,7.5,2340,5,5,27,12.7,168.16
Kullu,9.0,3201,3,2,11,2.0,269.71
Dharamshala,7.4,2094,5,5,20,21.0,183.47
Bilaspur,5.4,893,4,4,14,6.1,122.01
Palampur,7.6,2921,1,1,14,22.0,175.22
Solan,7.7,1152,2,2,15,23.0,103.68
Solan,9.7,558,5,4,2,2.3,190.15
Chamba,5.6,2028,5,5,7,14.8,178.35
Palampur,6.0,1448,5,5,31,24.5,122.9
Palampur,8.7,599,2,1,4,23.3,81.79
Kullu,6.5,3220,2,1,19,13.4,200.46
Mandi,8.2,2599,5,4,5,17.2,212.12
Kullu,6.2,3684,1,1,21,15.3,184.35
Shimla,4.5,2181,5,5,25,5.5,186.35
Palampur,8.2,2034,4,3,18,16.5,161.66
Dharamshala,3.9,3449,4,4,30,8.7,194.1
Palampur,4.4,785,3,2,10,8.8,117.22
Mandi,7.4,1765,5,5,22,10.8,191.49
Bilaspur,8.2,3295,4,4,11,21.4,224.51
Solan,9.3,1523,1,1,20,6.3,148.86
Solan,4.9,3598,3,3,2,6.6,237.29
Bilaspur,3.8,1494,5,4,10,0.7,171.96
Shimla,9.7,1947,1,1,28,4.3,163.31
Shimla,4.1,3640,4,3,31,24.5,153.8
Kullu,4.4,1351,2,2,10,11.1,109.63
Solan,5.0,3888,3,3,10,5.3,227.6
Palampur,6.7,653,5,4,11,24.2,87.09
Chamba,9.2,1430,3,2,11,1.2,190.87
Bilaspur,8.3,2568,1,1,39,12.4,155.33
Bilaspur,8.0,2579,1,1,26,20.2,132.62
Palampur,4.2,3684,4,4,15,19.4,207.3
Dharamshala,5.5,3859,5,4,18,5.1,270.77
Chamba,6.3,2872,2,1,20,17.8,153.95
Chamba,4.0,2809,5,4,22,15.7,190.02
Shimla,4.9,1610,3,3,15,17.0,115.73
Mandi,5.2,3319,1,1,38,7.0,153.8
Solan,3.9,2750,3,3,11,20.4,166.98
Solan,6.9,584,5,5,17,14.2,111.44
Mandi,7.9,3412,2,2,0,18.3,232.4
Solan,3.5,1758,5,4,19,23.5,96.32
Bilaspur,6.4,2165,4,4,34,21.5,142.86
Palampur,8.5,2201,2,2,39,19.7,131.06
Dharamshala,8.2,3369,4,3,18,7.6,251.67
Dharamshala,8.7,1437,3,3,5,1.8,193.51
Palampur,6.1,1871,1,1,28,14.6,98.99
Mandi,8.7,636,5,4,25,1.3,171.39
Bilaspur,4.7,1719,2,1,38,18.0,55.46
Palampur,5.5,809,3,3,20,18.6,73.18
Solan,4.2,2540,4,4,0,14.3,180.88
Solan,6.3,3626,1,1,36,4.6,199.09
Palampur,5.7,2126,4,3,27,22.0,139.39
Bilaspur,4.7,3692,2,2,32,15.1,158.56
Palampur,8.3,3919,3,3,4,13.1,284.24
Shimla,5.2,688,3,3,18,14.4,61.5
Chamba,4.9,2307,4,4,18,2.5,178.96
Bilaspur,3.9,2348,1,1,10,18.6,94.51
Solan,6.1,1848,1,1,33,2.0,123.47
Shimla,5.1,3406,3,2,7,14.7,198.02
Solan,5.6,1882,1,1,2,4.6,170.77
Solan,4.7,693,2,2,9,5.6,91.7
Bilaspur,8.3,2417,4,4,39,6.2,204.48
Shimla,9.5,1206,5,5,4,0.9,208.51
Dharamshala,6.5,1742,4,4,23,22.4,136.45
Solan,7.5,2256,2,1,7,20.2,177.02
Shimla,9.1,3030,5,4,15,1.3,292.5
Shimla,10.0,1473,3,2,22,1.9,173.97
Dharamshala,7.3,1832,1,1,0,19.7,131.16
Bilaspur,9.2,737,4,4,9,0.7,181.36
Solan,9.4,1844,3,2,23,12.0,167.95
Kullu,8.5,2530,2,1,0,3.1,259.12
Mandi,6.2,2659,4,3,19,15.0,176.87
Chamba,3.6,1526,4,3,24,25.0,71.45
Shimla,3.1,712,2,1,8,4.7,62.43
Mandi,6.3,2520,1,1,6,23.9,142.21
Dharamshala,6.5,2793,3,2,19,21.7,181.46
Mandi,5.9,798,1,1,28,24.7,32.48
Chamba,7.0,2267,4,4,0,19.3,187.0
Palampur,6.9,832,3,3,13,21.5,79.6
Shimla,8.9,2085,2,1,39,15.1,157.5
Solan,3.8,2742,3,2,13,21.7,135.06
Solan,4.6,3017,2,1,13,3.2,187.06
Palampur,8.6,2998,2,1,29,18.7,155.13
Shimla,8.9,3153,2,1,19,15.9,209.69
Solan,10.0,1344,4,4,15,2.0,202.57
Chamba,9.1,3461,5,5,31,7.6,251.45
Dharamshala,9.2,1723,4,4,1,5.8,233.37
Chamba,5.2,1811,2,1,28,10.4,102.75
Bilaspur,5.8,3256,5,4,15,5.4,265.95
Chamba,4.9,1644,1,1,35,7.2,106.69
Mandi,7.2,762,2,2,28,7.8,87.31
Bilaspur,9.6,3000,1,1,37,15.2,202.97
Mandi,5.4,2817,5,4,5,3.8,252.65
Chamba,6.9,2536,1,1,7,6.4,179.79
Solan,5.1,1001,3,2,36,8.3,67.16
Bilaspur,4.2,2711,1,1,15,11.5,115.58
Shimla,4.4,1194,2,2,32,1.4,96.68
Kullu,3.4,2444,4,3,27,25.0,95.9
Shimla,9.6,2277,5,4,19,7.9,239.52
Solan,5.8,3204,1,1,1,7.5,200.62
Shimla,8.8,3918,1,1,2,14.1,249.92
Dharamshala,7.8,1165,2,2,28,21.4,83.27
Palampur,4.3,901,5,5,3,11.7,106.34
Solan,4.2,2444,1,1,0,6.6,150.46
Bilaspur,8.7,3831,1,1,8,14.4,238.04
Palampur,4.9,1053,3,2,36,12.3,70.13
Kullu,9.4,2205,2,2,25,10.9,184.71
Shimla,4.0,1925,1,1,28,24.6,46.39
Shimla,7.7,1613,3,3,26,24.9,128.32
Shimla,8.7,2823,4,3,22,14.3,216.43
Mandi,4.6,1534,1,1,10,2.2,138.2
Kullu,4.9,2225,4,4,17,14.4,158.0
Chamba,9.8,3458,1,1,21,23.8,208.2
Shimla,4.9,1828,4,4,39,23.2,86.91
Solan,6.0,573,2,1,35,5.8,73.32
Palampur,6.0,3597,2,1,29,5.2,210.41
Kullu,4.8,1460,1,1,32,4.2,100.74
Bilaspur,8.4,3204,5,5,32,20.6,241.66
Palampur,8.4,3169,3,3,26,12.5,213.33
Dharamshala,5.6,2342,4,3,33,8.8,167.41
Solan,8.8,807,2,2,2,8.5,151.19
Solan,4.5,3825,1,1,0,7.2,227.06
Chamba,3.0,2883,1,1,17,22.1,103.01
Shimla,7.0,1985,3,2,2,10.5,174.02
Shimla,10.0,3488,2,1,13,6.5,260.7
Palampur,3.3,3258,4,4,7,17.9,178.1
Bilaspur,4.5,3161,4,3,38,16.1,151.33
Bilaspur,6.6,1087,2,1,26,18.0,76.86
Bilaspur,8.7,2714,3,3,1,20.6,204.96
Solan,3.6,1500,2,1,24,3.0,102.63
Solan,5.8,774,4,4,29,0.5,120.06
Bilaspur,8.2,1683,4,4,13,1.7,205.95
Dharamshala,5.6,864,4,3,35,17.8,67.36
Shimla,4.3,870,1,1,38,23.4,8.0
Palampur,4.4,3044,2,1,39,8.6,144.13
Chamba,5.9,2256,5,5,3,19.6,193.29
Chamba,6.4,1892,2,1,17,18.4,115.61
Palampur,9.0,1172,1,1,31,24.5,86.8
Mandi,7.5,3198,1,1,17,12.0,183.93
Mandi,7.8,2719,1,1,19,4.6,205.02
Mandi,9.9,2549,4,3,13,19.2,212.33
Shimla,5.9,1165,1,1,16,20.6,59.3
Shimla,5.8,932,3,2,27,17.8,59.23
Shimla,9.5,932,2,2,1,21.6,114.54
Bilaspur,4.7,587,1,1,31,9.6,32.86
Bilaspur,8.1,3891,5,4,29,17.4,274.36
Palampur,8.3,1787,4,4,5,7.0,198.7
Kullu,3.7,2803,5,5,30,11.4,144.8
Dharamshala,6.3,3937,5,4,20,6.4,276.43
Shimla,4.4,3777,5,5,12,4.3,246.3
Solan,4.3,1622,4,3,18,1.4,155.35
Chamba,6.2,2214,3,3,20,16.9,144.11
Shimla,5.0,2120,4,3,8,21.9,136.94
Solan,8.6,616,3,2,24,8.2,132.03
Bilaspur,9.4,3189,1,1,25,11.0,222.92
Bilaspur,8.6,2510,2,1,14,0.6,204.41
Mandi,4.9,1800,3,2,18,10.6,114.43
Mandi,4.9,2454,1,1,24,7.4,116.41
Mandi,4.8,3074,5,5,20,14.6,231.59
Solan,3.9,552,5,4,17,22.8,46.15
Palampur,9.6,2761,3,2,38,12.9,214.01
Shimla,5.8,3514,3,3,35,17.1,179.51
Mandi,4.6,3042,5,5,15,17.8,181.69
Solan,8.9,2669,3,2,28,4.2,218.7
Palampur,5.8,816,4,3,32,9.0,90.5
Bilaspur,3.2,3106,3,3,4,3.3,211.8
Bilaspur,4.1,3127,2,2,23,11.3,172.4
Shimla,7.5,2228,4,4,31,22.2,146.02
Dharamshala,8.5,2539,1,1,2,12.3,180.49
Solan,4.5,2664,2,1,13,11.7,138.3
Bilaspur,9.4,923,4,4,31,5.6,127.97
Chamba,9.0,1401,4,4,37,8.1,156.42
Solan,8.9,3273,5,5,39,23.4,217.22
Solan,4.6,3908,4,4,24,7.9,220.78
Shimla,3.4,1445,1,1,1,18.4,59.24
Palampur,9.1,1902,5,5,1,1.5,250.05
Shimla,5.1,3703,3,2,32,3.6,208.77
Kullu,7.3,1068,1,1,29,8.1,94.57
Kullu,8.3,1414,3,3,7,22.6,135.14
Palampur,3.9,695,1,1,5,5.9,73.99
Shimla,8.5,1321,3,2,5,18.3,139.07
Chamba,9.6,2726,3,3,35,4.6,218.93
Chamba,8.1,1718,1,1,30,15.5,95.28
Dharamshala,6.1,3941,5,4,37,14.9,230.97
Kullu,9.1,3620,3,3,4,15.7,268.65
Solan,6.7,3635,5,4,27,7.5,250.89
Chamba,8.2,3042,3,2,36,4.5,240.28
Mandi,8.7,2957,3,2,21,22.2,197.26
Kullu,8.2,2283,5,5,30,14.5,192.91
Shimla,5.0,3967,2,2,24,5.7,228.99
Solan,3.8,833,5,4,0,10.6,140.06
Dharamshala,4.7,3029,1,1,17,2.1,184.21
Dharamshala,6.5,990,5,4,10,12.1,113.04
Dharamshala,6.5,1687,4,4,3,10.9,178.73
Chamba,7.1,1394,3,2,23,3.8,135.34
Chamba,5.8,2604,2,2,37,11.4,120.79
Shimla,8.5,3255,3,3,2,16.2,265.39
Mandi,9.4,779,3,2,13,23.2,129.97
Palampur,4.7,2605,5,4,26,17.7,149.45
Chamba,8.2,1275,5,5,12,12.8,162.35
Solan,7.7,769,3,3,4,19.4,115.91
Palampur,6.7,1961,2,1,7,7.4,153.3
Dharamshala,4.3,2534,2,1,0,16.9,145.14
Bilaspur,8.6,1206,2,2,39,0.6,128.63
Mandi,9.7,1864,1,1,19,2.3,181.29
Solan,8.1,3837,1,1,37,15.8,187.97
Solan,9.4,1713,4,3,27,5.2,202.15
Chamba,9.9,3984,2,1,13,17.4,278.21
Kullu,5.5,3419,3,3,37,16.1,176.92
Mandi,7.5,1798,4,3,10,2.1,198.65
Bilaspur,6.3,2518,4,3,7,10.1,209.53
Palampur,9.9,2982,2,2,32,15.5,206.16
Dharamshala,3.7,2126,4,4,22,18.0,143.22
Shimla,5.9,1927,1,1,16,20.5,88.97
Solan,9.1,1654,3,2,23,8.6,180.88
Bilaspur,5.0,988,1,1,38,21.0,24.99
Bilaspur,8.5,587,3,3,11,9.2,117.7
Chamba,5.7,1679,1,1,36,0.7,141.71
Solan,9.9,3285,5,5,36,15.4,280.23
Kullu,9.2,1316,4,4,30,6.4,167.41
Shimla,5.1,1129,2,2,6,3.5,126.69
Mandi,8.4,1648,4,4,3,6.8,198.37
Solan,5.4,2596,2,1,4,20.8,145.66
Dharamshala,7.2,1252,3,2,28,22.9,77.68
Chamba,7.6,1271,1,1,15,24.1,73.1
Solan,8.8,893,3,2,39,7.9,138.84
Dharamshala,3.2,1662,1,1,0,11.7,97.81
Kullu,4.5,1260,1,1,14,20.2,61.45
Kullu,8.0,3409,3,2,10,8.3,241.59
Shimla,6.9,3670,3,2,35,9.9,220.96
Palampur,6.5,1796,2,1,4,6.3,141.88
Chamba,3.4,798,1,1,16,14.5,28.48
Dharamshala,5.4,806,3,3,34,16.7,46.86
Kullu,9.1,1636,5,5,38,8.3,197.44
Dharamshala,3.2,2122,4,4,36,1.1,119.94
Mandi,5.8,2349,1,1,26,18.5,102.0
Shimla,9.6,1564,5,4,6,15.6,174.53
Kullu,3.4,1740,3,2,3,5.9,123.55
Chamba,8.2,1492,3,3,16,8.2,159.57
Shimla,4.8,2311,1,1,19,23.9,109.46
Palampur,9.1,2939,2,1,20,15.9,200.22
Solan,8.2,651,4,3,1,15.1,130.94
Dharamshala,9.2,2175,2,2,27,16.2,168.91
Solan,4.5,2769,1,1,15,23.9,113.82
Chamba,6.7,2853,1,1,4,8.8,225.06
Shimla,8.5,2472,5,5,36,7.4,209.53
Mandi,4.7,2337,5,4,14,9.7,184.82
Solan,4.6,2883,1,1,9,20.1,150.72
Mandi,3.2,1824,5,5,19,3.5,144.09
Kullu,9.7,2485,5,5,38,5.6,235.53
Chamba,8.0,1618,2,1,32,6.1,133.57
Kullu,7.4,2032,4,4,3,16.1,191.2
Dharamshala,8.2,934,2,1,27,16.2,94.68
Mandi,6.7,1725,2,1,26,9.6,125.66
Shimla,6.3,997,4,4,35,7.3,99.31
Bilaspur,6.1,1292,2,2,38,19.0,92.2
Kullu,7.5,1968,2,2,29,1.3,174.71
Bilaspur,4.4,2250,2,2,26,18.6,87.61
Kullu,9.2,3796,1,1,14,5.7,259.67
Palampur,8.7,591,5,4,35,22.6,77.68
Shimla,5.4,3644,4,4,37,10.6,220.84
Mandi,7.1,1648,5,5,39,16.2,138.94
Shimla,4.0,3034,3,2,38,3.5,166.73
Bilaspur,9.8,2872,1,1,25,6.7,205.82
Mandi,9.3,3897,2,1,38,17.7,220.67
Solan,9.5,880,2,2,31,14.0,120.75
Dharamshala,5.3,3885,5,5,9,19.4,256.57
Mandi,4.2,720,2,2,1,14.3,82.97
Solan,4.5,3570,4,4,39,14.4,168.0
Bilaspur,3.6,2782,1,1,17,21.5,110.01
Bilaspur,3.8,2186,5,5,34,10.9,144.54
Chamba,3.5,1892,4,4,11,22.4,102.7
Shimla,9.9,827,3,3,14,9.6,134.63
Chamba,3.5,3306,2,1,32,8.6,140.35
Shimla,3.9,3047,2,1,21,19.6,153.73
Bilaspur,8.8,3780,2,1,27,0.8,249.86
Bilaspur,7.1,3056,3,3,12,4.7,235.28
Solan,8.4,3849,5,4,24,2.3,296.44
Shimla,7.4,3603,2,2,19,13.0,222.29
Kullu,9.2,1989,4,4,37,15.9,166.8
Solan,7.5,2963,3,3,19,0.8,246.06
Chamba,6.7,1425,4,4,3,4.5,179.3
Kullu,8.0,3283,4,3,29,7.9,230.16
Solan,6.1,2630,1,1,38,7.7,144.66
Chamba,5.4,2041,1,1,35,2.9,108.14
Palampur,6.3,2698,5,5,4,4.7,247.51
Mandi,4.2,1470,1,1,39,21.3,28.49
Solan,8.6,2678,3,2,13,17.7,193.22
Palampur,4.8,2161,4,4,33,7.8,154.76
Kullu,4.1,1626,3,2,25,7.0,105.88
Solan,4.7,3914,1,1,38,2.5,192.77
Kullu,8.9,723,1,1,13,9.0,130.35
Palampur,5.3,3151,4,4,24,10.3,191.63
Bilaspur,7.8,1235,5,5,27,22.7,133.25
Bilaspur,9.0,1278,2,2,6,18.7,151.29
Shimla,3.5,1040,3,2,31,12.2,72.64
Mandi,8.4,858,5,4,5,3.8,207.29
Dharamshala,5.2,933,5,4,33,16.6,78.2
Dharamshala,4.5,3414,3,3,5,23.4,173.89
Palampur,7.8,3741,4,4,7,2.4,306.53
Bilaspur,9.4,2546,5,5,19,21.3,228.76
Bilaspur,5.1,548,4,3,7,4.9,101.4
Mandi,7.0,3525,3,3,3,17.7,240.43
Dharamshala,5.0,2606,4,3,2,5.0,240.26
Solan,6.9,2323,2,2,11,15.2,165.53
Kullu,7.4,3816,5,5,19,6.3,296.21
Dharamshala,7.3,1934,1,1,1,13.8,172.71
Shimla,7.4,1760,2,2,5,15.2,181.58
Shimla,3.9,3229,2,2,24,15.7,156.54
Palampur,7.9,2344,2,1,12,17.2,182.56
Chamba,7.7,3009,3,3,30,2.2,216.28
Palampur,7.8,2935,4,3,33,17.7,192.96
Dharamshala,3.5,3438,5,4,1,4.3,236.36
Chamba,6.1,1610,3,2,37,17.1,75.0
Palampur,5.9,752,4,3,27,3.5,91.65
Solan,3.6,2171,3,3,32,12.2,118.8
Chamba,4.6,2766,1,1,19,10.0,153.17
Chamba,6.1,3359,4,3,0,24.2,200.2
Palampur,8.2,1434,1,1,35,16.0,118.32
Shimla,4.7,3108,3,2,22,2.7,184.53
Dharamshala,8.8,3412,5,4,1,17.7,276.42
Dharamshala,6.8,3329,4,3,6,5.3,251.63
Dharamshala,8.3,3328,3,3,8,7.5,260.59
Shimla,6.3,3955,2,2,15,9.8,249.32
Dharamshala,6.5,2814,5,4,17,19.5,206.17
Palampur,7.3,1796,5,5,17,23.6,163.93
Chamba,9.5,2027,2,2,34,23.1,145.65
Dharamshala,6.4,3114,1,1,37,4.7,162.15
Shimla,6.7,1327,3,3,27,2.0,155.43
Shimla,7.2,2609,4,4,25,20.8,163.74
Shimla,8.2,2504,5,4,34,7.6,210.93
Mandi,3.5,2833,5,5,10,14.8,180.23
Solan,6.6,1974,2,1,22,24.5,111.68
Dharamshala,6.4,3089,2,1,25,5.1,190.76
Solan,9.5,750,5,4,11,9.7,167.44
Shimla,6.5,3124,2,2,38,21.8,170.07
Chamba,6.3,3341,3,3,9,16.4,198.78
Dharamshala,9.7,3600,2,1,2,23.5,242.12
Bilaspur,6.2,3729,2,2,12,16.0,202.84
Kullu,4.3,1722,3,2,32,7.9,115.81
Chamba,4.5,662,2,1,14,20.2,33.21
Palampur,3.7,2787,3,2,8,19.1,149.55
Dharamshala,3.0,815,2,1,34,23.4,8.0
Shimla,6.0,1481,1,1,6,12.2,131.48
Palampur,8.4,2958,4,3,6,12.8,242.74
Palampur,8.1,2580,5,4,35,8.4,213.13
Solan,3.2,2623,3,2,12,7.1,168.85
Palampur,7.0,3129,2,1,0,24.9,172.52
Mandi,4.1,1076,4,4,17,24.4,63.42
Palampur,9.6,3268,3,2,29,13.5,233.35
Chamba,4.2,2552,3,2,30,23.9,88.13
Dharamshala,7.4,1970,3,3,3,9.2,169.13
Bilaspur,5.3,2122,4,4,11,21.3,136.14
Palampur,7.5,2280,1,1,24,16.1,127.48
Palampur,5.9,2426,1,1,26,18.1,117.61
Chamba,8.3,1668,1,1,24,18.1,124.9
Mandi,4.6,1280,1,1,13,16.1,82.47
Chamba,9.3,1091,5,5,34,21.4,155.79
Solan,6.5,1692,4,3,3,10.1,171.34
Palampur,8.3,1411,4,3,32,21.3,124.76
Mandi,8.9,2306,4,3,37,5.0,202.07
Dharamshala,10.0,3692,1,1,27,5.4,259.86
Palampur,4.6,878,2,1,17,18.1,59.16
Palampur,5.0,1581,4,4,15,18.9,130.24
Solan,4.8,672,3,2,17,22.6,60.18
Palampur,4.8,3911,3,2,6,7.2,248.67
Bilaspur,7.1,2952,4,3,8,1.9,266.99
Bilaspur,10.0,1345,1,1,25,12.9,135.68
Palampur,9.9,1949,4,4,22,21.9,172.6
Mandi,6.7,3030,4,3,19,24.3,178.58
Mandi,7.5,3852,3,3,18,21.5,228.82
Palampur,9.0,2508,3,3,3,12.5,211.81
Kullu,9.5,1448,1,1,34,21.7,96.49
Chamba,4.4,2939,2,1,38,5.7,136.47
Dharamshala,6.7,2900,2,2,9,23.1,176.0
Bilaspur,8.8,2753,5,4,12,14.4,243.41
Kullu,5.1,660,1,1,25,10.0,31.17
Dharamshala,6.1,2973,2,2,0,14.8,189.1
Bilaspur,9.9,568,1,1,4,19.7,128.55
Kullu,9.9,3669,2,2,36,6.4,261.14
Chamba,9.3,3586,1,1,6,3.0,276.92
Chamba,8.6,2472,2,2,23,18.5,162.62
Palampur,4.9,2761,4,4,35,23.8,141.25
Kullu,5.2,737,4,3,29,16.1,70.46
Kullu,6.8,3560,2,1,10,4.0,232.04
Mandi,6.9,1447,4,4,6,16.3,145.9
Dharamshala,6.5,1417,4,4,28,3.4,145.49
Chamba,7.5,2978,5,4,16,7.9,226.38
Solan,5.9,3786,5,5,38,1.3,240.5
Dharamshala,8.2,2229,2,2,25,12.4,164.29
Chamba,5.3,2276,3,3,0,8.4,172.52
Shimla,5.3,2419,4,3,10,2.9,195.17
Shimla,3.9,1518,2,2,29,8.1,69.31
Palampur,4.3,2588,3,2,28,16.4,141.16
Shimla,9.0,3863,3,3,29,7.6,293.42
Shimla,6.1,1839,2,1,9,4.0,169.18
Bilaspur,4.6,3205,1,1,9,13.8,183.35
Palampur,8.3,3208,1,1,8,19.0,210.97
Kullu,6.9,3477,4,4,27,20.8,212.91
Palampur,3.1,3032,5,5,0,12.1,206.85
Chamba,5.2,3725,4,3,32,17.9,186.68
Mandi,4.2,3000,2,1,11,20.9,153.51
Mandi,7.6,3916,1,1,19,17.0,226.99
Bilaspur,4.9,3003,4,4,9,13.4,195.66
Kullu,3.5,3429,1,1,17,2.0,191.32
Palampur,3.4,3616,3,2,30,7.6,176.71
Shimla,7.1,3941,5,4,7,8.3,284.19
Shimla,3.2,2583,1,1,22,10.2,128.28
Dharamshala,8.9,2985,3,3,2,23.8,225.35
Chamba,4.1,3884,5,5,7,5.6,260.62
Kullu,7.2,1830,2,1,27,13.8,123.14
Mandi,6.1,917,5,5,22,24.8,95.32
Kullu,6.1,3594,5,4,24,15.7,206.4
Chamba,3.5,2711,3,2,9,5.6,164.12
Palampur,8.6,1999,2,2,8,24.0,137.97
Dharamshala,9.3,3009,4,3,17,8.7,252.44
Kullu,3.1,614,4,3,5,1.7,112.48
Dharamshala,4.3,2170,3,3,35,11.1,126.95
Solan,9.3,1429,1,1,10,6.4,156.05
Solan,6.8,1508,4,4,28,20.6,110.8
Shimla,4.1,3892,2,2,6,5.9,219.12
Shimla,4.4,2425,1,1,26,20.6,121.94
Bilaspur,7.6,991,1,1,8,1.4,136.59
Dharamshala,8.1,1776,3,2,11,23.3,145.83
Chamba,7.2,1349,1,1,16,1.5,112.72
Palampur,9.7,3681,2,1,4,23.5,229.42
Chamba,6.5,1519,2,2,4,2.3,160.13
Solan,5.1,1748,3,3,30,21.9,86.51
Dharamshala,6.3,1669,4,3,13,20.9,133.93
Mandi,5.5,1114,3,2,22,15.1,90.64
Chamba,4.6,3230,3,3,25,1.4,213.04
Kullu,3.3,2517,1,1,24,15.7,79.93
Mandi,5.5,2029,1,1,25,15.6,92.66
Dharamshala,8.0,1885,5,4,39,14.2,160.07
Kullu,3.1,2833,4,3,25,16.0,136.62
Kullu,6.1,835,1,1,13,24.2,49.09
Dharamshala,7.5,3761,3,2,11,24.9,223.18
Kullu,7.3,2476,1,1,32,13.3,136.29
Chamba,8.4,1296,1,1,16,2.7,149.62
Palampur,8.7,2382,2,1,22,3.8,205.18
Shimla,8.0,3482,4,4,32,18.1,224.64
Bilaspur,3.7,1106,4,4,9,24.6,84.34
Shimla,6.3,2333,4,4,8,11.2,167.95
Chamba,7.2,2591,1,1,2,2.9,199.09
Dharamshala,4.7,3335,1,1,2,9.1,206.05
Shimla,3.3,2485,3,3,24,9.9,127.88
Shimla,4.6,3077,5,4,20,24.9,158.39
Mandi,6.2,3207,4,4,11,17.3,213.31
Palampur,5.9,3618,4,4,8,3.4,264.78
Shimla,4.2,1765,1,1,27,8.8,85.47
Kullu,8.8,2963,5,5,3,1.7,313.85
Bilaspur,9.5,1370,5,4,28,16.5,166.34
Bilaspur,4.4,3455,3,2,36,17.0,150.74
Mandi,9.5,3829,2,1,18,1.9,264.86
Chamba,3.1,1529,4,3,19,8.7,113.96
Mandi,9.5,2464,4,4,21,22.6,186.68
Chamba,9.7,3378,5,4,3,20.8,299.1
Bilaspur,3.1,594,1,1,25,14.6,19.99
Mandi,8.3,2967,3,2,14,12.4,227.91
Dharamshala,9.8,3372,4,3,18,24.8,239.48
Chamba,9.3,3549,2,1,0,18.2,262.9
Solan,9.8,1188,5,5,35,23.8,109.08
Solan,6.9,3150,1,1,13,2.3,202.52
Kullu,3.5,3251,1,1,3,5.7,196.29
Solan,8.9,509,4,4,31,1.3,158.62
Chamba,7.3,2968,1,1,39,21.8,125.3
Shimla,7.3,2691,3,2,20,17.5,156.62
Shimla,5.9,3890,2,2,1,4.9,259.49
Chamba,7.0,650,4,4,39,24.4,68.05
Dharamshala,4.1,3879,1,1,8,23.9,173.75
Chamba,8.2,2499,2,2,9,6.0,210.44
Kullu,3.5,1460,5,4,28,16.4,72.96
Dharamshala,8.1,1856,2,1,13,16.9,143.05
Dharamshala,8.9,3182,3,2,3,0.6,274.6
Chamba,6.3,3986,5,4,27,17.4,234.67
Bilaspur,6.6,1608,4,4,10,5.9,151.97
Palampur,5.2,3943,4,4,34,22.6,205.47
Dharamshala,9.8,2702,5,4,6,21.0,250.68
Chamba,8.1,1172,4,4,36,22.7,96.59
Kullu,5.6,2592,5,4,28,19.1,162.88
Mandi,4.2,3306,3,2,9,4.5,204.96
Chamba,4.5,690,5,5,23,9.3,92.51
Mandi,6.2,776,4,4,37,17.9,81.37
Solan,9.6,518,2,1,2,8.4,143.2
Shimla,8.1,2496,3,2,32,17.9,178.05
Palampur,4.5,702,2,2,18,8.7,82.43
Kullu,9.0,3762,2,1,37,4.9,243.26
Bilaspur,5.6,947,2,2,8,13.2,128.76
Mandi,9.0,750,3,2,28,17.3,121.76
Kullu,4.7,1401,2,2,38,13.2,63.39
Bilaspur,7.3,3171,4,4,13,16.2,228.25
Mandi,9.5,3674,2,2,4,11.2,249.34
Bilaspur,4.8,1378,3,3,15,19.6,94.36
Palampur,7.9,2315,1,1,23,16.4,168.04
Kullu,9.9,3208,2,2,25,14.6,259.46
Solan,4.1,3289,2,1,19,11.2,169.09
Chamba,3.6,1035,5,5,37,13.6,81.81
Palampur,7.7,3434,3,3,23,1.7,260.98
Chamba,5.4,3535,1,1,25,16.8,193.49
Mandi,3.5,3072,2,1,38,5.5,133.99
Solan,6.3,2345,4,4,37,21.6,170.61
Dharamshala,8.3,1869,1,1,13,20.4,130.68
Bilaspur,5.0,3612,1,1,11,13.4,177.58
Solan,5.3,3523,2,1,29,21.3,157.46
Shimla,8.9,2313,2,1,21,16.9,159.2
Kullu,6.6,3097,3,2,17,4.0,227.7
Palampur,8.9,1899,1,1,27,18.6,111.95
Bilaspur,6.1,3101,4,4,26,24.9,176.57
Dharamshala,9.7,812,2,2,36,1.5,141.86
Bilaspur,7.6,3655,4,3,14,6.5,287.12
Mandi,3.8,2304,3,2,30,15.1,121.72
Chamba,9.2,2595,2,1,9,10.7,229.72
Shimla,6.4,1162,3,3,37,16.1,80.09
Mandi,4.0,2350,1,1,3,14.9,132.91
Shimla,4.1,511,4,3,30,19.8,10.9
Dharamshala,7.8,3615,2,2,4,2.2,269.45
Solan,3.3,3121,2,1,35,11.3,140.2
Dharamshala,5.0,2090,1,1,38,21.6,80.3
Chamba,4.0,3425,2,2,32,9.4,150.42
Solan,6.1,3340,2,1,31,12.8,175.28
Chamba,5.9,916,2,2,19,1.0,109.81
Chamba,6.7,688,5,5,9,6.0,142.51
Palampur,5.0,1387,2,2,39,11.9,84.85
Kullu,3.2,504,1,1,21,10.3,23.69
Mandi,7.3,2505,3,2,32,18.0,156.92
Kullu,5.6,2349,2,2,28,15.5,124.58
Shimla,7.6,2382,3,2,28,22.1,161.54
Solan,3.8,757,4,4,14,21.4,76.72
Shimla,3.1,3713,1,1,17,6.4,179.16
Solan,4.7,3917,3,2,17,0.9,278.1
Mandi,6.2,2566,1,1,24,21.4,117.05
Chamba,5.8,519,1,1,28,8.6,66.46
Chamba,8.7,1885,1,1,7,9.0,161.41
Solan,5.6,3013,1,1,9,4.4,204.04
Dharamshala,6.7,3120,2,1,1,17.5,207.79
Palampur,7.2,1351,5,5,21,7.4,154.93
Palampur,3.2,3379,5,4,26,4.8,205.25
Kullu,6.6,3886,1,1,8,12.8,250.24
Shimla,5.4,2280,5,4,28,18.9,139.36
Kullu,5.9,1835,4,3,0,7.1,185.87
Solan,3.7,2341,3,2,34,18.2,106.51
Palampur,8.5,595,4,4,27,11.8,119.43
Kullu,9.6,2332,3,2,27,10.4,177.75
Solan,3.2,594,2,2,28,9.3,46.88
Palampur,7.2,621,3,3,14,4.1,125.65
Chamba,8.3,2436,4,4,39,8.6,207.79
Kullu,5.0,2287,4,4,29,22.0,131.2
Bilaspur,8.5,3953,1,1,7,3.0,278.06
Dharamshala,7.4,2276,5,4,36,24.0,156.89
Mandi,9.5,3929,2,2,29,3.1,263.92
Kullu,9.9,3324,5,4,12,9.4,308.26
Chamba,3.3,1680,2,1,37,15.4,54.58
Kullu,6.1,3741,1,1,9,21.0,190.99
Shimla,6.8,2189,5,5,25,4.0,218.91
Bilaspur,4.0,2582,3,2,26,4.0,161.36
Kullu,5.4,851,2,2,38,15.9,45.89
Bilaspur,9.9,1244,1,1,22,7.7,149.84
Dharamshala,3.1,2327,1,1,39,16.3,81.04
Mandi,6.2,1449,1,1,11,20.6,90.7
Chamba,8.9,2598,5,5,32,2.4,254.06
Dharamshala,5.3,779,1,1,9,21.2,36.75
Chamba,6.4,1378,1,1,39,1.4,107.83
Bilaspur,9.8,2828,5,5,30,22.5,229.71
Shimla,6.3,2642,5,5,25,24.4,178.33
Solan,3.9,3942,2,1,2,16.9,176.23
Solan,3.4,3648,4,4,19,24.6,173.96
Dharamshala,9.6,3337,3,3,5,20.6,233.92
Chamba,4.9,503,3,3,36,1.6,89.58
Bilaspur,6.5,2608,2,2,15,0.6,196.79
Palampur,3.6,1301,4,4,33,1.0,125.24
Palampur,6.0,1434,5,4,36,11.6,111.65
Kullu,9.5,1234,4,4,4,15.8,181.48
Shimla,6.5,2095,5,4,30,12.3,167.08
Mandi,9.8,933,1,1,12,17.1,152.22
Palampur,4.8,2361,4,3,4,11.5,191.13
Palampur,6.5,1081,5,5,10,1.5,185.56
Dharamshala,9.0,2251,3,2,21,6.0,228.73
Kullu,6.1,2690,5,4,34,24.8,159.22
Bilaspur,5.0,1128,2,1,27,9.0,79.17
Mandi,9.0,859,5,4,9,8.5,170.64
Kullu,5.7,3321,5,4,11,4.2,256.02
Chamba,6.7,3084,4,3,12,24.7,159.93
Mandi,9.8,1415,4,3,29,6.1,179.37
Solan,4.3,3604,3,3,20,16.3,193.01
Chamba,5.1,1274,2,1,0,1.5,133.21
Palampur,3.2,3743,3,2,3,2.1,212.33
Shimla,5.7,896,5,5,3,18.1,121.99
Solan,4.4,2810,1,1,38,16.1,94.02
Kullu,7.8,567,2,1,20,17.2,98.84
Shimla,4.3,1190,3,3,19,6.2,102.9
Shimla,7.7,1916,2,2,30,24.6,88.29
Kullu,4.8,798,4,4,7,14.2,98.67
Shimla,5.5,2099,2,1,1,24.3,134.21
Shimla,5.4,1312,4,3,10,4.5,148.6
Mandi,8.0,846,1,1,8,10.4,102.38
Palampur,6.3,3866,2,1,31,8.7,207.32
Bilaspur,5.5,3936,4,4,32,19.0,208.78
Bilaspur,9.0,3868,3,2,25,18.8,238.04
Kullu,7.0,1039,4,4,36,12.4,95.52
Palampur,4.5,1836,4,3,18,0.9,157.94
Mandi,9.3,1645,2,2,9,4.8,172.68
Shimla,5.4,1640,3,2,13,1.7,163.78
Solan,3.3,1958,5,4,5,21.3,142.07
Bilaspur,6.5,2285,5,4,36,7.6,167.71
Mandi,3.9,2198,1,1,24,3.4,114.89
Kullu,4.7,1520,4,4,30,9.2,113.56
Kullu,8.2,3929,3,3,11,2.4,293.21
Shimla,3.9,3928,1,1,28,24.5,151.49
Shimla,8.6,1659,4,4,13,8.2,198.25
Bilaspur,9.6,1274,1,1,17,23.4,117.29
Chamba,7.2,2364,2,2,26,17.2,167.27
Dharamshala,8.0,1791,4,4,39,14.4,149.3
Dharamshala,8.0,3955,5,5,22,12.1,266.32
Palampur,9.9,2002,3,3,28,17.3,154.99
Solan,5.4,639,5,4,23,17.3,104.09
Palampur,4.1,937,5,5,16,0.8,138.04
Chamba,6.6,761,3,3,37,22.7,59.01
Bilaspur,6.7,1839,1,1,38,9.5,116.89
Solan,4.2,1607,4,3,12,9.2,134.28
Shimla,7.3,3498,1,1,35,10.5,199.56
Shimla,3.1,3617,5,5,18,17.3,195.9
Chamba,9.5,991,2,1,29,9.7,137.05
Mandi,4.9,3806,4,3,20,9.7,223.46
Palampur,3.3,2544,4,4,30,2.1,153.41
Dharamshala,3.8,1573,3,3,34,10.7,70.08
Solan,4.7,1923,5,4,16,4.2,168.82
Kullu,4.9,2044,4,4,28,21.5,133.74
Chamba,3.2,1096,5,5,20,8.7,100.22
Palampur,5.0,3535,1,1,31,24.0,125.23
Bilaspur,4.4,543,3,2,7,17.3,65.16
Kullu,5.7,744,5,5,29,19.0,78.47
Palampur,5.7,1456,5,4,23,23.7,128.69
Solan,5.4,1002,3,2,18,6.4,120.27
Solan,5.3,716,1,1,14,14.4,44.05
Bilaspur,3.6,1841,2,1,28,1.5,109.71
Kullu,3.2,1818,3,3,13,3.0,125.95
Shimla,4.4,939,4,4,1,9.5,106.18
Dharamshala,8.3,3335,5,5,37,17.2,228.74
Shimla,9.9,3589,1,1,17,20.9,235.35
Mandi,9.5,3018,2,1,6,6.8,246.59
Kullu,6.5,2327,2,1,9,18.9,143.15
Solan,6.7,3815,5,4,33,6.0,231.5
Chamba,5.2,1726,1,1,13,0.6,128.4
Bilaspur,8.4,1994,2,2,11,1.8,204.91
Bilaspur,8.4,552,2,2,19,14.8,78.6
Solan,8.9,2977,1,1,1,12.7,237.85
Mandi,9.3,823,4,4,22,7.1,149.1
Shimla,6.0,2828,3,2,1,0.7,230.87
Kullu,8.4,3238,3,2,33,14.4,204.3
Shimla,8.6,1259,5,5,17,20.5,139.89
Mandi,5.2,2642,3,2,8,2.2,204.71
Solan,9.5,1562,2,1,18,18.5,134.76
Dharamshala,3.7,1894,2,1,7,16.0,95.13
Dharamshala,10.0,2354,5,5,12,12.2,216.16
Dharamshala,8.4,1373,3,3,5,1.7,204.81
Shimla,3.7,3288,1,1,26,23.1,122.7
Chamba,7.6,1881,4,3,39,12.2,162.16
Dharamshala,3.2,2116,4,3,19,10.3,140.47
Solan,8.4,3351,2,2,3,21.6,235.89
Shimla,8.6,1297,3,3,2,21.2,139.84
Kullu,7.2,2082,3,2,33,18.3,117.23
Palampur,9.0,3977,1,1,13,20.8,245.98
Shimla,3.7,1899,1,1,11,3.5,123.27
Chamba,4.9,904,4,3,4,19.1,89.55
Mandi,5.9,1495,4,3,26,8.5,142.84
Dharamshala,3.3,3845,4,3,2,21.8,207.98
Kullu,6.1,3156,2,1,36,9.6,181.21
Shimla,4.9,3331,3,3,8,1.8,219.49
Chamba,5.7,1387,5,5,2,10.7,175.74
Palampur,6.0,3436,2,2,28,19.0,176.06
Mandi,9.2,1876,4,3,14,12.8,207.0
Dharamshala,4.9,3282,1,1,27,19.2,156.25
Solan,9.3,3583,1,1,1,1.4,288.75
Chamba,6.0,1228,5,4,34,4.8,133.49
Palampur,5.3,3784,1,1,12,14.3,208.3
Kullu,6.5,2714,4,4,30,9.9,205.69
Kullu,5.9,3058,3,3,37,17.2,171.43
Chamba,4.8,3148,5,4,21,24.1,179.16
Solan,6.5,1089,3,3,13,16.7,118.84
Solan,4.1,3109,4,4,12,10.7,192.99
Dharamshala,5.5,1245,5,5,27,13.8,138.75
Bilaspur,7.0,1450,5,5,0,22.9,136.4
Chamba,5.9,907,4,3,5,17.0,111.43
Solan,8.8,1133,1,1,25,20.2,89.75
Mandi,4.8,3926,1,1,1,7.9,219.31
Shimla,9.8,1648,3,2,11,18.7,172.31
Chamba,8.5,1854,4,3,25,3.9,179.45
Dharamshala,9.8,2179,4,4,10,18.9,235.01
Mandi,8.9,2995,4,4,37,22.1,181.82
Palampur,4.0,2508,1,1,38,22.6,67.66
Kullu,6.7,2376,1,1,1,3.4,177.85
Mandi,4.2,3429,1,1,6,20.8,164.65
Palampur,8.7,2235,3,3,36,3.2,206.19
Solan,7.1,3191,4,3,1,12.2,249.95
Kullu,4.8,3688,1,1,19,17.2,192.77
Kullu,9.5,2866,5,5,37,12.4,223.82
Mandi,3.8,623,2,2,23,8.8,60.0
Chamba,6.9,1422,4,3,12,17.3,134.16
Kullu,8.0,2662,4,4,0,16.7,228.12
Dharamshala,3.4,2176,1,1,15,14.8,113.48
Solan,7.2,1496,5,4,21,13.4,135.49
Mandi,8.7,1674,5,5,3,17.8,219.38
Chamba,3.5,774,5,4,21,10.4,84.07
Shimla,6.6,1322,1,1,16,2.2,108.75
Kullu,4.8,3239,2,2,13,13.7,173.23
Chamba,7.6,535,2,2,38,18.2,56.84
Dharamshala,3.8,3428,3,2,35,7.8,167.1
Dharamshala,9.6,1688,5,5,27,3.9,187.92
Solan,9.3,3327,4,3,23,22.8,228.74
Mandi,4.3,1396,4,4,18,21.7,84.05
Palampur,5.3,3400,3,2,2,15.7,218.1
Palampur,7.1,2501,5,5,12,19.8,186.18
Dharamshala,8.0,3480,5,5,0,24.2,284.08
Solan,6.1,718,5,4,14,14.4,119.15
Shimla,4.1,3290,5,5,18,6.5,224.86
Shimla,3.7,1446,4,4,24,16.2,101.29
Mandi,10.0,1755,1,1,14,22.9,121.05
Kullu,6.2,656,2,1,10,17.4,66.94
Mandi,9.1,3839,4,4,28,1.1,318.02
Chamba,6.4,2744,2,1,6,23.0,156.94
Mandi,9.5,3933,1,1,5,19.0,253.03
Bilaspur,3.6,2488,5,5,27,10.3,156.17
Bilaspur,3.8,1053,3,3,23,24.7,64.45
Mandi,9.5,1681,5,4,34,18.2,163.45
Chamba,9.6,2039,2,1,29,20.7,132.42
Mandi,5.2,1015,2,2,36,23.6,69.14
Bilaspur,5.5,3760,2,1,26,1.5,206.65
Chamba,6.2,3852,2,2,33,19.5,189.42
Shimla,5.9,2472,3,3,6,10.0,178.34
Shimla,4.3,2545,2,2,21,21.8,108.47
Bilaspur,9.3,2962,5,4,37,22.0,196.87
Dharamshala,4.8,2876,2,2,31,20.8,122.6
Kullu,7.9,719,3,2,16,19.6,108.28
Kullu,3.5,2359,5,5,37,20.0,98.63
Solan,3.3,3219,3,2,12,7.8,200.44
Solan,7.6,3322,1,1,0,10.5,241.6
Bilaspur,5.4,2586,1,1,31,3.3,157.59
Shimla,7.6,3637,3,2,16,20.8,222.94
Chamba,3.7,2551,4,3,1,16.3,167.92
Shimla,9.6,1839,5,4,8,15.5,226.59
Chamba,8.2,2049,1,1,2,6.5,164.51
Dharamshala,9.1,2915,3,2,39,15.6,202.32
Palampur,4.0,3602,2,2,33,11.6,162.16
Shimla,5.2,1304,3,2,37,24.9,65.02
Bilaspur,5.6,1527,3,2,7,21.6,103.17
Solan,6.8,2781,2,1,32,13.4,169.21
Solan,5.1,3172,1,1,22,20.3,126.47
Solan,3.4,1897,1,1,11,4.5,95.4
Dharamshala,5.6,2751,3,3,26,3.0,190.14
Chamba,4.8,523,2,1,38,16.0,39.76
Bilaspur,5.7,1521,2,2,18,18.3,105.39
Bilaspur,4.4,3844,1,1,1,1.8,238.89
Bilaspur,4.8,2517,1,1,33,5.4,144.47
Bilaspur,7.4,3539,1,1,7,13.7,216.08
Dharamshala,5.7,1261,2,1,7,2.0,140.17
Chamba,5.4,1517,1,1,24,10.9,86.64
Kullu,6.7,3912,2,1,31,12.3,210.28
Solan,8.4,3992,2,2,31,23.1,214.93
Palampur,5.7,3568,2,1,34,8.2,186.15
Palampur,7.1,1609,1,1,35,4.6,119.73
Shimla,9.8,3305,1,1,5,0.7,268.16
Mandi,6.7,2105,5,4,12,3.5,201.38
Kullu,9.4,3453,4,4,28,18.9,240.23
Dharamshala,8.6,3479,1,1,15,11.4,230.9
Shimla,3.4,2022,2,1,28,5.4,95.37
Kullu,6.0,1566,2,2,18,23.4,97.86
Chamba,7.9,3911,5,4,18,19.8,255.53
Solan,9.9,2076,5,4,1,3.3,261.91
Shimla,6.2,2010,4,4,24,7.1,162.14
Bilaspur,3.6,2829,1,1,34,21.3,108.72
Bilaspur,6.9,3778,3,3,32,17.5,224.83
Shimla,3.9,956,3,3,13,23.7,44.42
Dharamshala,8.3,3945,4,3,27,2.4,292.2
Dharamshala,6.6,1978,5,4,7,19.5,189.02
Kullu,8.1,589,2,2,25,2.4,103.31
Chamba,9.1,1582,3,3,16,8.7,168.35
Palampur,7.4,2118,2,1,37,18.9,128.76
Dharamshala,7.3,2868,2,1,28,17.9,149.0
Solan,8.3,2482,2,2,2,0.6,222.38
Chamba,8.9,975,4,4,34,5.4,136.68
Dharamshala,9.1,2208,3,3,28,19.6,177.65
Kullu,3.3,1314,4,4,8,3.6,121.34
Bilaspur,6.9,1443,4,4,11,8.5,160.67
Chamba,4.5,2989,2,2,6,5.0,185.43
Chamba,9.0,3311,5,4,12,3.2,306.22
Chamba,7.5,1046,1,1,37,21.0,49.76
Kullu,5.9,2608,5,5,36,2.0,187.07
Mandi,4.3,1977,1,1,22,13.6,79.72
Shimla,5.4,1678,2,1,14,17.5,112.98
Shimla,7.9,2995,5,5,14,1.9,279.0
Dharamshala,4.4,1370,4,3,38,16.0,94.83
Chamba,3.7,3179,2,2,7,8.7,168.61
Shimla,9.2,1902,5,4,30,20.9,168.15
Dharamshala,8.3,832,1,1,39,20.0,89.27
Mandi,4.4,3272,4,3,34,20.0,157.01
Dharamshala,5.0,3481,3,3,28,10.3,191.39
Chamba,9.8,2470,2,1,35,20.7,162.39
Mandi,8.0,3033,5,5,8,15.9,253.47
Mandi,7.3,1016,4,4,39,9.8,122.04
Solan,5.2,1687,1,1,3,2.5,133.89
Mandi,5.1,1724,1,1,0,2.1,138.93
Mandi,3.3,3173,1,1,7,6.7,167.72
Solan,8.1,1732,3,2,24,7.8,154.04
Bilaspur,3.3,3049,3,2,9,23.2,130.73
Chamba,3.0,1573,4,4,25,25.0,91.48
Shimla,8.1,2603,4,4,4,4.0,243.85
Bilaspur,9.6,1234,1,1,27,23.6,94.55
Shimla,8.3,2454,3,2,9,17.8,187.36
Mandi,6.3,782,4,4,20,12.7,106.61
Solan,6.4,3071,5,4,4,23.9,216.84
Dharamshala,6.1,601,2,2,38,18.0,35.46
Mandi,5.3,3997,1,1,15,15.0,218.14
Shimla,6.7,3436,1,1,24,5.6,214.91
Shimla,6.0,2524,2,1,19,6.5,167.44
Bilaspur,7.2,3683,3,3,23,22.8,202.4
Kullu,9.3,3330,2,1,18,5.8,261.33
Solan,10.0,999,1,1,2,1.3,169.82
Solan,3.6,3104,2,1,33,7.0,135.57
Palampur,5.7,1820,2,2,25,12.3,130.76
Solan,4.3,3495,3,3,10,9.9,202.39
Kullu,5.5,3523,1,1,3,23.4,189.84
Palampur,5.0,3840,4,4,35,10.8,187.29
Solan,4.2,2078,3,3,13,22.3,109.9
Palampur,8.3,1175,2,1,36,15.1,112.06
Kullu,6.5,937,5,4,30,13.3,112.64
Chamba,9.4,1079,4,4,38,4.4,164.61
Dharamshala,3.2,3971,1,1,26,7.1,173.34
Bilaspur,3.5,2552,1,1,7,21.7,115.4
Kullu,5.8,1731,1,1,1,19.6,113.36
Chamba,3.6,2072,3,3,9,11.5,139.01
Shimla,4.8,1105,2,2,17,22.8,84.66
Chamba,9.9,2497,2,1,24,20.6,193.04
Kullu,4.5,1989,3,3,35,3.2,143.15
Palampur,4.4,3293,3,3,5,15.3,205.95
Palampur,7.0,574,1,1,25,20.1,37.19
Bilaspur,6.5,3761,1,1,3,20.3,203.6
Shimla,7.1,712,4,4,19,2.7,119.74
Mandi,5.6,1960,5,4,2,6.0,180.16
Chamba,8.8,1692,5,4,14,10.6,187.32
Chamba,4.0,3012,5,5,24,6.7,201.38
Palampur,6.0,2803,3,2,29,3.2,176.17
Dharamshala,7.8,1188,5,5,32,15.9,134.82
Bilaspur,9.1,2217,5,5,20,12.9,215.45
Shimla,5.6,2370,5,5,10,4.3,199.35
Dharamshala,7.0,2123,1,1,36,14.9,135.97
Shimla,3.5,576,1,1,37,2.0,18.73
Kullu,4.2,1123,3,2,38,9.9,81.77
Palampur,3.5,2263,3,2,31,19.9,68.91
Dharamshala,8.1,1411,5,5,31,22.3,133.6
Mandi,5.0,2408,2,2,3,6.5,159.74
Kullu,8.1,1072,5,5,22,21.6,123.71
Mandi,3.5,3074,5,4,16,22.3,189.16
Bilaspur,9.0,1159,5,5,10,15.4,169.57
Bilaspur,8.8,2773,1,1,2,24.6,170.35
Shimla,3.6,3428,2,1,8,6.5,199.56
Palampur,3.2,1754,2,2,36,2.2,92.4
Mandi,3.4,988,4,4,36,21.2,46.71
Dharamshala,9.0,520,4,4,29,12.5,107.78
Chamba,4.6,1761,3,3,4,9.0,134.96
Dharamshala,6.8,904,1,1,27,1.9,90.76
Dharamshala,6.0,3586,3,2,5,2.1,264.62
Palampur,8.6,3905,4,4,27,2.7,288.29
Chamba,6.4,3932,3,3,1,5.0,264.56
Shimla,6.5,3728,2,2,11,24.3,203.71
Mandi,9.9,2553,3,2,4,7.4,245.22
Mandi,4.1,1637,4,3,37,20.5,85.9
Palampur,8.8,2062,3,2,22,1.0,198.11
Mandi,3.4,1405,5,5,36,8.4,104.17
Mandi,6.3,3440,2,2,0,22.7,207.25
Solan,9.2,2027,4,3,29,5.0,190.1
Solan,7.7,1847,5,5,19,7.5,208.0
Palampur,7.8,2914,2,2,18,20.7,181.52
Bilaspur,4.8,1808,2,1,34,3.5,100.3
Shimla,5.9,1748,1,1,1,1.8,142.92
Chamba,5.6,1295,2,2,37,24.2,51.92
Chamba,6.7,735,1,1,1,10.4,93.85
Mandi,6.2,632,4,4,14,16.6,106.32
Chamba,5.3,1909,1,1,5,3.6,144.28
Solan,5.1,3983,4,3,20,5.9,252.5
Solan,4.8,1412,3,3,23,11.8,94.52
Bilaspur,5.6,2743,5,4,25,17.0,179.76
Kullu,4.0,1637,2,2,31,7.7,109.64
Kullu,9.1,1559,2,1,30,22.2,113.52
Bilaspur,7.2,1070,2,2,37,19.6,66.13
Palampur,3.9,2471,3,2,17,14.0,128.73
Solan,7.9,2805,2,1,7,11.8,205.96
Bilaspur,8.9,1725,1,1,6,15.7,170.63
Solan,4.7,2343,5,5,11,18.4,151.05
Mandi,4.1,2166,4,4,24,3.8,158.93
Palampur,3.1,1448,1,1,2,21.4,42.37
Shimla,3.3,2921,4,3,38,12.5,139.57
Solan,8.3,2438,2,2,39,23.4,139.74
Shimla,9.9,730,1,1,6,23.9,83.12
Chamba,3.3,2224,3,3,31,1.3,133.25
Shimla,8.2,1862,4,3,23,9.9,181.61
Chamba,3.5,3285,1,1,19,13.4,151.68
Bilaspur,7.1,1573,2,1,29,13.7,116.64
Dharamshala,8.3,3845,5,4,23,20.6,244.25
Dharamshala,5.5,2652,2,1,12,4.0,186.42
Shimla,3.1,957,1,1,22,15.8,24.52
Kullu,7.2,1911,3,3,5,23.6,157.18
Chamba,9.9,3593,4,3,10,24.9,228.49
Chamba,4.8,1391,5,5,38,0.7,133.31
Solan,4.3,2966,4,4,7,24.3,170.67
Kullu,3.9,3241,1,1,23,3.5,187.49
Solan,6.9,2923,5,5,11,13.7,231.77
Mandi,7.2,816,4,3,18,6.5,134.63
Palampur,8.5,1810,4,3,9,15.4,186.64
Dharamshala,8.3,1718,5,5,22,1.4,224.53
Chamba,9.2,1703,4,4,22,6.3,191.76
Chamba,8.6,3576,2,1,24,7.9,222.71
Kullu,4.7,519,3,2,12,22.9,26.75
Dharamshala,6.9,2386,3,2,23,14.8,170.8
Dharamshala,5.1,3937,3,3,29,17.9,203.97
Palampur,5.3,3564,4,3,28,17.1,194.77
Kullu,9.5,2622,4,4,22,10.1,225.53
Kullu,7.8,3992,1,1,11,0.8,273.47
Solan,9.8,1908,3,3,21,3.1,211.75
Kullu,5.9,2639,1,1,21,11.7,157.3
Mandi,6.8,2403,3,3,38,23.6,116.35
Dharamshala,6.4,665,3,2,15,6.6,85.87
Chamba,3.8,641,2,1,12,17.6,29.8
Shimla,4.7,3639,5,5,29,20.8,184.2
Bilaspur,6.7,1107,2,1,25,22.7,53.67
Mandi,3.5,1741,1,1,17,7.7,114.77
Dharamshala,9.5,2681,2,1,0,23.3,173.85
Palampur,3.9,2514,4,4,28,15.4,147.35
Palampur,4.4,2299,1,1,29,13.0,117.34
Shimla,8.4,3927,3,2,37,19.6,235.58
Bilaspur,3.7,3254,3,3,20,6.3,193.67
Shimla,9.3,3796,5,4,20,20.4,285.34
Mandi,8.1,2805,1,1,8,16.4,210.31
Chamba,3.5,3926,1,1,18,20.1,161.01
Shimla,7.8,2605,3,3,0,21.5,202.74
Chamba,7.4,2396,1,1,20,15.6,166.05
Palampur,8.3,3353,4,3,28,1.4,250.12
Solan,8.8,3540,2,2,31,7.8,233.92
Palampur,8.0,738,3,3,26,22.0,78.5
Palampur,7.1,3687,1,1,32,15.9,196.88
Dharamshala,5.3,2918,4,3,26,22.3,136.24
Palampur,7.9,3641,3,2,31,9.9,251.01
Dharamshala,9.7,3004,1,1,17,12.9,221.62
Dharamshala,7.1,3744,2,2,24,21.6,208.68
Solan,7.7,1463,1,1,25,19.2,70.22
Palampur,6.1,1156,1,1,22,9.7,78.23
Solan,8.3,1184,4,3,22,1.1,188.04
Solan,10.0,1382,3,2,31,22.1,127.13
Dharamshala,4.1,1248,5,4,9,19.8,85.23
Bilaspur,4.4,2045,2,1,12,11.5,127.83
Mandi,6.8,1193,4,3,20,13.9,133.46
Kullu,6.4,1053,4,4,25,5.5,138.41
Shimla,7.0,2333,4,3,20,10.6,184.8
Palampur,3.3,3276,5,5,7,4.5,242.6
Solan,5.8,974,4,4,32,5.7,104.7
Mandi,7.1,2289,4,3,21,21.2,166.83
Chamba,7.1,2807,4,3,17,9.4,216.82
Solan,7.6,2969,3,3,35,20.5,173.56
Bilaspur,8.0,867,4,4,17,12.1,131.94
Kullu,7.5,3068,5,4,6,2.2,268.28
Shimla,8.5,594,4,3,39,9.4,108.6
Dharamshala,7.4,1329,4,3,15,4.4,162.47
Kullu,6.8,1617,1,1,35,17.5,96.41
Kullu,7.2,3485,3,3,20,22.8,198.35
Chamba,3.7,1171,1,1,9,19.2,73.85
Kullu,4.9,3238,1,1,15,19.6,147.96
Palampur,6.7,3960,2,1,36,21.6,200.36
Mandi,9.1,3859,3,2,37,19.5,240.86
Bilaspur,7.8,1560,3,3,5,14.4,163.17
Solan,3.6,834,5,4,39,18.0,53.35
Mandi,7.1,1277,4,3,34,10.7,115.91
Dharamshala,4.6,3190,3,2,25,2.2,191.99
Dharamshala,8.1,1188,2,1,7,17.8,124.66
Chamba,8.8,2759,4,4,23,18.2,210.05
Dharamshala,7.2,1808,2,1,17,6.0,169.46
Palampur,7.1,3183,5,5,4,23.9,223.61
Solan,5.4,2620,4,3,39,1.8,174.93
Kullu,6.1,2549,4,3,24,18.5,142.98
Chamba,9.0,3236,2,2,3,24.2,226.38
Kullu,8.1,3842,4,3,13,8.1,287.8
Kullu,6.6,1776,5,5,33,22.9,141.87
Solan,5.6,2350,1,1,17,20.7,131.04
Palampur,3.4,2690,1,1,19,18.7,119.41
Bilaspur,4.0,3380,3,3,5,23.9,185.6
Dharamshala,4.4,2187,2,2,4,16.5,140.19
Kullu,5.6,1810,4,4,39,12.6,133.94
Bilaspur,9.6,3462,3,3,38,17.1,203.76
Solan,6.5,3836,5,4,3,10.6,265.74
Chamba,4.6,2491,2,2,21,8.5,133.49
Shimla,3.7,862,2,2,27,2.5,86.98
Kullu,5.4,1514,1,1,35,9.8,74.49
Mandi,8.7,2120,2,1,22,20.2,141.67
Solan,5.7,2962,2,1,34,23.7,129.86
Bilaspur,8.4,2844,4,4,4,24.4,201.34
Shimla,8.6,3370,2,2,0,5.6,270.54
Palampur,3.8,604,2,1,18,14.5,14.07
Solan,7.3,2129,2,2,10,14.6,148.7
Bilaspur,9.7,2953,3,2,30,4.8,239.63
Chamba,5.8,3955,4,3,13,14.7,228.57
Kullu,3.4,998,5,5,16,9.4,122.08
Chamba,9.5,3576,1,1,21,23.6,210.1
Kullu,9.2,527,5,5,38,6.8,150.26
Bilaspur,6.7,1189,2,2,2,21.0,111.7
Palampur,6.9,3464,5,4,22,22.5,218.59
Palampur,4.5,3253,1,1,15,18.5,141.38
Kullu,8.7,3904,4,3,1,5.8,320.79
Bilaspur,6.5,2603,5,5,32,6.9,209.36
Dharamshala,3.2,2655,1,1,36,24.3,99.4
Bilaspur,7.8,2371,4,3,6,2.4,242.12
Mandi,9.7,2290,1,1,30,3.4,185.86
Kullu,8.8,2298,5,5,28,24.5,185.33
Dharamshala,4.9,1523,4,3,28,19.5,100.75
Bilaspur,3.4,3486,5,5,18,18.8,208.59
Kullu,9.6,1748,5,5,12,4.4,246.4
Mandi,9.6,2638,2,2,2,12.5,225.02
Solan,6.7,2842,3,2,1,21.1,176.07
Shimla,7.5,2381,4,3,7,8.6,191.42
Palampur,6.2,2640,1,1,21,5.2,156.47
Solan,5.9,671,2,2,5,0.8,110.55
Dharamshala,3.8,1605,1,1,27,15.8,81.84
Palampur,3.7,2069,5,5,24,7.7,171.63
Mandi,4.6,1879,2,2,13,21.7,111.07
Palampur,8.9,3678,3,2,3,7.4,298.75
Solan,4.0,3639,3,3,20,4.2,207.61
Kullu,4.6,2991,2,2,32,24.0,105.21
Palampur,6.8,1732,4,3,15,24.1,119.53
Shimla,4.5,678,5,4,32,17.3,41.1
Solan,4.1,3142,3,3,11,23.2,147.76
Palampur,6.9,3593,5,5,3,4.5,284.76
Solan,5.6,2213,1,1,25,11.8,126.15
Palampur,7.4,3393,5,5,35,5.5,251.96
Palampur,9.4,3757,1,1,35,12.2,219.03
Kullu,4.1,2413,1,1,38,19.9,89.04
Palampur,9.4,1233,1,1,4,21.2,119.08
Bilaspur,9.3,578,2,2,1,0.6,159.25
Mandi,8.8,3149,5,4,22,10.0,242.79
Mandi,7.4,2468,2,2,38,24.9,137.85
Bilaspur,7.3,1037,4,4,39,14.9,105.35
Chamba,7.5,691,3,2,11,7.8,131.2
Mandi,7.8,3893,1,1,15,10.0,226.69
Bilaspur,3.1,1621,3,2,26,8.4,96.32
Dharamshala,9.7,1644,2,1,36,11.5,151.2
Kullu,7.1,2701,2,2,6,11.4,173.4
Bilaspur,8.5,1775,3,3,39,12.9,159.32
Kullu,5.6,3695,4,4,32,11.9,203.91
Dharamshala,3.1,2883,3,2,2,13.1,169.14
Dharamshala,6.6,1752,2,1,33,1.2,160.43
Kullu,6.6,1433,4,3,25,1.8,167.5
Bilaspur,6.1,3510,4,4,39,9.6,196.29
Kullu,5.4,2571,2,1,8,22.2,138.5
Shimla,4.7,3714,5,4,39,19.9,205.66
Palampur,6.7,1707,5,4,1,3.2,194.95
Chamba,5.6,573,4,3,3,12.6,100.39
Mandi,9.8,3646,2,1,17,15.3,243.13
Mandi,4.2,1337,2,2,26,12.3,84.52
Bilaspur,5.2,3459,3,3,6,17.6,188.53
Solan,5.1,2984,1,1,10,24.9,146.72
Palampur,6.8,1311,2,1,15,2.9,129.95
Kullu,6.5,3148,1,1,5,13.1,195.89
Bilaspur,7.5,785,1,1,7,13.1,96.8
Chamba,9.7,1873,4,3,5,14.3,213.49
Chamba,5.0,1747,1,1,38,4.6,97.98
Chamba,7.8,2798,3,2,37,16.1,191.07
Kullu,3.2,2370,3,3,25,1.6,161.74
Bilaspur,4.8,2642,1,1,27,18.7,106.24
Shimla,6.2,2166,5,5,5,16.7,204.34
Kullu,3.2,3089,5,4,2,8.6,215.26
Palampur,7.3,1060,4,4,15,24.7,112.03
Dharamshala,7.7,3015,4,4,39,20.8,195.51
Shimla,8.2,675,2,2,19,13.7,87.87
Bilaspur,6.6,800,5,5,32,24.8,66.41
Mandi,7.2,3032,4,4,14,20.8,207.9
Solan,5.8,1053,3,2,12,3.9,119.54
Dharamshala,3.3,3195,4,4,32,15.0,186.56
Palampur,3.7,964,5,5,18,14.7,85.0
Solan,7.6,1013,4,4,29,16.5,115.42
Mandi,10.0,3763,1,1,29,23.5,217.69
Kullu,3.1,1120,2,1,29,12.6,61.5
Dharamshala,6.9,3697,1,1,27,2.4,214.01
Palampur,8.3,1718,2,2,32,12.2,118.31
Kullu,8.8,3290,5,4,18,19.8,261.04
Palampur,6.8,3788,1,1,12,9.3,230.44
Chamba,7.3,908,5,4,20,1.2,169.42
Palampur,7.9,1656,2,1,12,7.9,168.23
Palampur,9.0,2509,3,2,1,17.2,224.61
Dharamshala,3.9,3529,3,2,14,2.6,211.69
Chamba,9.5,1155,1,1,20,9.7,125.88
Chamba,3.2,1153,1,1,20,3.8,47.59
Dharamshala,8.9,1789,2,1,13,12.2,153.01
Solan,3.5,1216,1,1,29,4.0,68.37
Bilaspur,4.4,1434,4,3,11,3.2,133.45
Palampur,3.0,954,3,3,25,17.6,33.26
Shimla,6.1,3401,5,4,10,4.4,261.73
Chamba,5.3,3288,5,5,39,4.3,234.89
Dharamshala,4.2,1005,2,2,25,15.0,56.95
Chamba,6.2,2378,5,5,22,1.6,199.94
Chamba,5.8,2761,1,1,17,1.3,199.42
Bilaspur,8.4,2696,3,2,30,11.1,186.3
Dharamshala,9.3,3943,4,4,17,9.4,314.47
Chamba,7.6,2744,3,2,32,13.8,176.58
Solan,3.9,2904,4,4,6,24.8,163.08
Solan,5.1,615,5,5,32,11.2,106.65
Palampur,9.4,777,3,3,38,14.6,92.17
Solan,3.6,2666,2,1,9,23.0,107.77
Palampur,5.8,3677,3,2,8,12.3,226.06
Chamba,9.6,1896,5,5,38,19.6,171.96
Mandi,9.7,2750,5,4,16,13.9,278.28
Mandi,5.9,1235,5,4,27,16.1,104.99
Kullu,7.7,2097,2,1,7,23.3,129.82
Shimla,6.2,3129,2,2,17,0.5,208.12
Dharamshala,8.3,2808,3,2,28,22.6,177.97
Palampur,3.2,899,3,2,35,12.7,49.05
Kullu,4.0,3576,4,3,17,15.4,190.31
Chamba,7.3,3744,5,5,3,11.5,286.58
Palampur,4.6,2169,3,2,16,6.9,174.68
Palampur,7.7,1692,2,2,25,2.1,160.63
Solan,5.5,2359,5,4,35,23.7,139.0
Dharamshala,9.2,3304,3,2,33,15.8,241.11
Chamba,8.7,2083,4,4,30,21.9,154.39
Chamba,6.4,605,1,1,6,7.6,82.78
Chamba,8.4,754,3,2,20,7.3,122.3
Dharamshala,4.9,3340,3,2,23,8.7,189.46
Kullu,6.5,3254,1,1,18,6.2,180.52
Shimla,4.4,3202,2,1,36,12.7,149.74
Kullu,9.0,942,4,4,38,23.4,105.37
Solan,8.8,1097,1,1,8,22.0,105.33
Bilaspur,9.3,1880,1,1,38,12.6,140.39
Palampur,9.1,1307,1,1,33,9.0,126.11
Bilaspur,9.7,1853,1,1,28,15.5,129.54
Mandi,4.6,2454,3,3,15,15.5,152.94
Kullu,9.5,1480,3,2,30,17.3,146.51
Solan,7.0,932,4,4,23,13.6,98.19
Shimla,6.0,1908,3,3,35,1.2,170.16
Chamba,6.9,3029,3,2,28,2.4,199.96
Palampur,5.4,2663,5,4,38,24.4,129.06
Solan,5.0,1625,2,2,16,18.8,98.71
Kullu,4.7,1589,4,4,3,23.7,124.51
Chamba,3.6,2542,1,1,19,8.8,137.78
Mandi,6.5,1103,5,5,39,13.6,120.19
Palampur,9.2,3417,2,1,26,8.4,230.01
Solan,7.4,3542,2,2,28,22.8,190.25
Bilaspur,6.6,588,1,1,25,7.5,69.11
Solan,6.0,3897,3,3,23,17.5,219.91
Dharamshala,6.3,581,2,2,2,4.8,113.33
Bilaspur,4.5,2105,5,4,16,3.1,173.94
Mandi,8.8,2835,1,1,3,4.3,227.82
Palampur,4.4,1644,3,3,13,13.5,95.2
Chamba,8.0,1212,5,5,28,21.2,140.94
Chamba,8.3,666,5,5,32,25.0,100.44
Kullu,7.0,3045,4,3,8,15.8,192.2
Bilaspur,9.0,628,3,3,26,13.6,121.9
Chamba,5.0,2194,5,5,9,19.8,162.65
Kullu,9.2,1875,2,1,8,2.1,189.9
Shimla,8.1,3886,5,4,38,20.3,227.27
Palampur,8.6,3755,3,2,24,19.1,225.59
Kullu,7.7,3361,2,2,7,13.5,217.72
Chamba,8.9,3057,2,1,5,1.1,246.77
Kullu,10.0,2400,3,3,1,5.5,270.66
Kullu,5.9,1722,1,1,19,9.6,121.76
Kullu,8.7,1083,4,4,4,23.6,166.89
Shimla,8.2,3888,2,1,23,16.1,233.74
Palampur,6.2,1847,2,2,17,13.0,139.87
Kullu,9.5,2000,1,1,25,12.5,149.18
Bilaspur,5.8,994,3,2,8,19.6,90.43
Solan,7.0,1468,2,2,5,8.4,148.26
Palampur,3.7,2721,1,1,4,2.8,175.45
Kullu,4.6,1992,5,4,3,17.1,157.62
Mandi,8.9,2550,4,3,2,8.6,247.79
Bilaspur,5.8,1240,2,2,10,8.5,122.64
Mandi,5.8,787,1,1,32,11.6,51.5
Dharamshala,4.7,3599,5,5,24,6.4,232.37
Palampur,6.4,2012,4,4,10,23.1,143.18
Bilaspur,8.6,1764,3,3,37,21.3,141.88
Shimla,9.3,1501,4,4,30,24.8,133.48
Mandi,3.5,2802,1,1,31,24.1,94.51
Kullu,7.0,2470,3,3,35,8.2,171.91
Chamba,6.3,1861,1,1,29,9.8,129.66
Chamba,7.3,3758,4,4,38,17.6,198.57
Chamba,6.1,3656,5,5,13,0.9,284.99
Palampur,5.8,1194,3,2,34,24.9,45.6
Palampur,6.3,2748,4,4,4,0.8,245.71
Chamba,7.1,3889,4,3,12,13.5,258.2
Bilaspur,6.5,2208,5,4,35,16.9,138.25
Dharamshala,6.3,605,1,1,5,22.9,60.71
Bilaspur,8.7,962,2,1,20,16.3,110.89
Shimla,8.2,2836,2,2,13,15.1,198.22
Shimla,5.4,3656,4,4,4,7.9,253.5
Solan,8.6,949,3,2,9,15.0,135.44
Chamba,9.0,2413,4,4,21,18.9,212.15
Kullu,4.1,2239,3,3,25,13.1,124.55
Solan,7.1,1497,5,5,27,19.6,149.94
Bilaspur,5.0,2710,4,4,5,2.2,218.94
Palampur,8.2,3572,1,1,12,8.7,253.48
Chamba,4.7,1337,5,4,4,24.0,110.14
Solan,7.7,690,5,5,0,8.4,156.13
Chamba,4.8,1756,1,1,15,15.7,82.84
Mandi,6.6,1599,2,2,24,13.2,117.99
Solan,9.6,3045,5,4,14,23.4,229.49
Palampur,5.7,2378,5,4,1,4.5,236.81
Dharamshala,9.1,562,3,2,8,7.8,129.3
Solan,9.9,1689,3,2,17,21.6,150.14
Mandi,9.1,3072,1,1,14,16.8,212.37
Bilaspur,4.2,2168,3,2,32,13.8,127.25
Bilaspur,8.7,2470,4,4,23,10.2,223.56
Mandi,3.2,1425,2,1,39,10.6,67.95
Kullu,5.8,1617,2,1,7,23.4,99.88
Chamba,9.1,955,5,4,14,16.9,153.11
Dharamshala,7.8,785,3,3,3,23.3,132.18
Solan,6.7,628,2,1,0,24.3,93.05
Chamba,5.7,2685,2,1,36,13.9,146.23
Palampur,8.7,1051,3,2,19,15.4,140.65
Dharamshala,8.0,2508,2,1,26,16.6,172.38
Chamba,6.3,3835,3,2,11,21.1,205.07
Dharamshala,9.2,2940,5,4,2,16.6,257.84
Shimla,4.6,2513,4,3,35,3.3,184.16
Mandi,4.2,909,2,2,26,23.6,41.07
Mandi,7.5,2211,3,2,28,16.7,151.52
Kullu,9.8,3619,3,3,21,21.8,261.32
Bilaspur,4.7,1845,4,3,16,10.9,145.19
Chamba,4.7,3391,4,4,16,12.1,220.63
Shimla,4.0,2979,3,3,30,17.4,149.53
Palampur,9.0,1433,2,2,9,19.5,148.23
Mandi,4.6,994,4,4,13,2.4,135.46
Chamba,6.5,559,1,1,12,10.5,93.4
Kullu,9.9,1466,4,4,20,19.4,183.31
Shimla,3.1,1665,5,5,38,24.8,67.87
Palampur,6.9,2795,4,4,36,0.8,219.4
Shimla,6.6,2504,3,2,21,7.0,199.93
Kullu,8.7,2176,5,5,8,11.9,224.57
Kullu,5.5,3030,3,2,37,6.0,164.14
Mandi,5.9,3195,3,3,12,1.2,223.71
Shimla,4.2,2997,5,5,14,13.7,188.28
Solan,8.2,3639,1,1,35,16.4,192.44
Bilaspur,8.5,1759,4,4,10,10.7,184.59
Mandi,4.0,3381,4,3,18,9.6,214.61
Chamba,5.8,1972,3,2,36,24.6,90.84
Mandi,9.3,1144,1,1,12,12.2,148.95
Dharamshala,3.0,1010,4,3,24,20.1,39.26
Kullu,5.1,820,2,2,1,7.5,99.51
Shimla,6.9,3844,5,4,39,20.8,222.29
Bilaspur,5.3,1093,4,4,16,20.7,105.3
Mandi,4.9,3423,2,2,26,7.1,205.63
Chamba,6.2,3242,3,3,20,16.6,189.65
Bilaspur,4.3,2037,1,1,17,17.2,108.93
Mandi,6.7,3698,3,2,16,11.3,215.04
Solan,7.9,3679,1,1,0,19.5,237.96
Bilaspur,7.0,3739,5,4,11,8.0,261.66
Chamba,3.7,2239,4,3,15,12.4,149.49
Chamba,8.9,1543,2,2,14,24.8,141.35
Bilaspur,4.2,653,5,4,10,4.9,124.16
Palampur,8.4,3441,1,1,25,4.1,211.04
Bilaspur,5.5,3555,3,2,33,4.0,207.11
Palampur,8.5,2376,1,1,35,25.0,133.52
Solan,4.4,748,1,1,38,4.4,54.8
Solan,4.3,3379,2,1,25,5.2,187.51
Palampur,6.5,1544,2,2,16,17.5,87.21
Palampur,3.2,2419,4,3,25,19.1,134.2
Solan,4.6,2808,5,4,5,13.4,217.76
Mandi,8.1,1010,4,3,32,24.6,96.83
Shimla,8.9,719,4,3,21,1.5,159.35
Shimla,3.6,777,3,3,6,15.7,77.49
Solan,9.2,3856,2,1,17,15.4,267.33
Bilaspur,8.6,3850,2,1,12,8.4,266.94
Shimla,9.1,1993,5,5,13,22.5,190.54
Mandi,7.9,1990,3,2,2,14.0,186.53
Solan,7.7,1923,3,3,0,6.5,199.85
Solan,6.7,1726,1,1,13,2.7,149.56
Solan,7.6,2403,3,3,12,3.1,193.81
Bilaspur,9.4,1747,4,4,39,22.5,151.04
Solan,3.7,2656,3,3,10,6.6,187.8
Dharamshala,5.2,1826,4,4,13,22.7,138.3
Dharamshala,3.5,2704,5,4,36,3.4,183.67
Palampur,9.6,3807,1,1,34,24.6,203.9
Shimla,6.1,1220,5,4,2,20.9,135.58
Palampur,7.7,719,5,5,3,3.3,188.16
Solan,8.9,2343,3,3,3,2.6,249.36
Kullu,9.9,916,4,3,18,20.2,155.6
Dharamshala,4.1,1309,1,1,22,2.4,82.31
Mandi,8.6,3263,2,2,14,6.9,234.62
Solan,9.2,1962,1,1,0,20.1,160.47
Dharamshala,3.3,2422,4,4,8,22.7,124.26
Bilaspur,8.3,3216,5,4,24,19.3,213.67
Chamba,5.5,949,4,3,14,22.3,91.64
Solan,7.5,2175,4,3,4,14.2,199.62
Kullu,6.6,620,1,1,26,19.6,48.37
Solan,4.8,2247,5,5,24,8.9,176.09
Chamba,3.9,1284,1,1,19,19.7,32.81
Mandi,3.8,3689,3,2,37,17.2,157.58
Kullu,3.7,1412,4,3,33,14.6,78.54
Dharamshala,7.5,1200,5,5,1,24.8,146.44
Kullu,5.5,549,5,4,36,12.0,61.99
Bilaspur,4.5,966,3,2,1,15.7,81.13
Solan,7.8,1256,3,2,19,13.0,126.08
Bilaspur,7.8,1298,3,2,36,6.9,141.24
Mandi,6.8,3084,3,3,39,8.6,196.84
Solan,9.5,3606,4,4,0,24.5,280.18
Mandi,5.7,3494,4,4,2,10.1,246.73
Palampur,8.9,3847,3,2,9,17.1,262.7
Dharamshala,3.5,3643,3,2,11,14.4,198.7
Mandi,8.2,2094,1,1,11,22.3,139.11
Mandi,9.9,1864,1,1,16,19.1,145.65
Mandi,8.9,2772,3,3,12,2.5,230.71
Dharamshala,7.1,1617,2,2,23,9.2,128.33
Chamba,7.4,2612,4,4,34,17.9,185.8
Mandi,5.5,3999,5,4,21,4.5,283.63
Palampur,7.8,1193,4,3,13,12.8,138.27
Dharamshala,8.4,3192,5,5,22,8.3,240.35
Bilaspur,10.0,3774,3,3,24,2.1,305.72
Mandi,6.4,2380,5,5,35,24.9,148.96
Palampur,3.4,1746,5,5,37,23.3,68.92
Bilaspur,7.2,1391,1,1,11,18.8,68.33
Mandi,3.8,1087,4,4,36,5.4,78.93
Shimla,4.7,1624,3,3,32,24.7,67.91
Shimla,5.3,3112,5,5,5,16.0,207.52
Kullu,8.1,2303,3,2,22,24.2,161.28
Solan,4.3,1275,1,1,6,1.5,101.17
Dharamshala,4.2,2397,2,2,19,4.8,150.47
Shimla,3.3,3331,1,1,1,17.1,189.55
Mandi,9.1,547,2,2,11,22.7,94.91
Solan,7.9,572,1,1,23,4.8,94.81
Chamba,3.3,3857,4,4,12,8.3,227.76
Mandi,3.2,3118,3,3,0,14.9,188.47
Bilaspur,6.9,2514,4,3,15,25.0,172.47
Chamba,5.0,3671,5,5,21,20.1,203.82
Chamba,7.2,2562,4,4,30,23.1,158.63
Mandi,6.0,2322,3,3,5,17.0,159.88
Bilaspur,9.5,1240,2,2,19,22.0,118.91
Dharamshala,5.0,3337,4,3,7,12.9,238.71
Mandi,7.8,3177,3,2,6,3.5,261.32
Shimla,3.4,1534,4,4,4,17.9,111.3
Bilaspur,9.7,3080,1,1,30,15.2,213.97
Shimla,9.9,3044,1,1,36,12.4,201.92
Bilaspur,8.2,833,1,1,26,7.2,83.07
Solan,6.3,1061,4,3,15,19.7,125.5
Chamba,4.5,2582,3,3,37,20.6,116.23
Shimla,8.7,2682,2,1,19,9.4,175.5
Chamba,8.2,2803,2,2,21,23.2,152.88
Chamba,4.6,1806,4,3,25,9.6,144.42
Kullu,6.2,3424,5,5,26,3.1,233.75
Bilaspur,6.2,2059,5,5,19,4.6,211.77
Dharamshala,8.8,1221,3,2,19,12.6,143.64
Chamba,7.8,902,4,3,12,2.5,167.81
Dharamshala,7.5,3571,1,1,27,18.1,188.28
Palampur,7.5,2975,5,4,26,20.0,211.56
Mandi,4.9,2115,1,1,17,14.0,118.87
Palampur,5.6,1232,2,2,28,22.4,63.86
Kullu,3.3,837,4,3,5,23.9,48.01
Solan,8.5,1034,5,4,16,11.5,164.78
Shimla,6.0,869,1,1,39,2.7,52.19
Chamba,6.1,2352,4,3,29,6.2,188.06
Kullu,4.7,1192,1,1,28,16.6,55.42
Shimla,4.5,947,1,1,34,10.4,52.87
Dharamshala,7.1,1489,3,2,24,17.3,86.61
Dharamshala,4.6,2947,3,3,26,16.8,143.07
Shimla,3.4,2237,2,1,19,15.3,99.31
Kullu,8.4,1037,5,5,33,4.4,169.13
Solan,5.6,3120,4,4,28,7.5,196.24
Mandi,5.7,2213,3,3,20,9.8,190.02
Shimla,6.0,1153,3,3,5,20.7,103.62
Kullu,8.7,2919,3,3,32,17.2,184.8
Kullu,5.2,3974,1,1,13,16.3,199.2
Chamba,8.3,2390,4,4,14,17.0,189.24
Shimla,9.6,1065,4,4,4,12.8,163.07
Solan,7.6,1583,3,3,8,1.5,198.32
Palampur,6.0,2597,3,3,5,5.4,213.1
Chamba,8.2,3997,5,5,3,3.9,332.19
Shimla,6.2,3751,4,3,0,2.1,297.69
Chamba,5.9,3766,2,2,11,8.3,238.92
Shimla,6.7,3413,1,1,30,19.8,154.64
Shimla,5.2,2511,5,4,34,3.3,194.91
Solan,3.7,2767,4,4,9,3.2,186.14
Chamba,5.9,3068,4,3,16,3.5,221.47
Shimla,3.9,3004,2,2,33,7.1,152.8
Shimla,5.9,2735,1,1,28,5.5,160.66
Kullu,6.9,969,3,2,36,0.8,95.47
Dharamshala,9.5,3579,4,3,16,7.3,273.05
Kullu,3.3,533,2,1,6,24.9,19.44
Palampur,7.4,1990,3,3,5,8.7,181.51
Bilaspur,6.2,2019,5,5,28,5.7,194.86
Solan,3.1,3986,2,1,1,12.6,222.06
Palampur,4.7,813,2,2,18,6.1,69.71
Palampur,3.8,2165,2,1,14,14.2,115.68
Shimla,4.5,1752,5,5,36,10.3,148.54
Mandi,4.9,841,3,3,39,22.5,36.38
Palampur,5.8,1283,5,5,19,23.2,108.19
Dharamshala,6.7,1977,5,4,23,18.0,168.99
Dharamshala,3.0,3707,3,3,15,5.8,205.68
Chamba,4.1,1858,1,1,31,12.1,98.13
Palampur,3.7,3580,2,1,11,8.0,187.86
Palampur,6.8,3068,3,3,29,20.1,171.83
Solan,5.3,3366,2,2,36,1.2,206.19
Mandi,6.8,3488,1,1,6,16.7,206.76
Dharamshala,4.6,2998,5,5,9,8.4,222.19
Solan,3.2,3066,2,2,15,12.3,132.67
Shimla,9.6,1039,4,3,33,8.4,146.09
Dharamshala,3.8,3009,5,5,25,9.4,202.25
Dharamshala,3.9,669,3,3,7,17.0,56.7
Dharamshala,4.0,3080,4,4,14,15.1,192.88
Kullu,9.9,2788,1,1,25,6.5,217.03
Chamba,7.3,3149,4,4,38,1.6,229.43
Chamba,7.3,2747,5,4,18,21.5,214.26
Bilaspur,9.9,1790,5,4,2,12.6,220.09
Mandi,3.6,1792,1,1,4,15.7,92.09
Shimla,9.8,2586,2,2,1,12.5,225.59
Shimla,4.4,2154,1,1,5,15.7,121.09
Shimla,7.4,1692,5,5,16,15.9,179.97
Dharamshala,5.9,2212,2,2,11,0.9,162.5
Dharamshala,5.7,2378,3,3,12,13.6,177.35
Palampur,9.5,1339,3,3,30,12.8,148.63
Bilaspur,4.0,2733,4,3,19,2.8,194.29
Palampur,10.0,1599,5,4,29,18.8,201.52
Mandi,5.7,1437,2,2,21,6.3,113.34
Mandi,7.5,1964,4,4,8,1.8,198.74
Shimla,9.8,861,2,2,37,20.2,95.51
Solan,3.4,2611,1,1,19,21.7,103.71
Dharamshala,9.5,3066,1,1,33,6.4,223.41
Palampur,7.0,3845,2,2,3,17.3,231.47
Kullu,7.9,1492,3,2,33,0.6,146.3
Kullu,4.0,2384,4,3,28,18.2,108.22
Chamba,6.7,2262,5,5,9,11.9,188.51
Chamba,7.7,3059,3,3,31,19.9,181.19
Bilaspur,6.2,2686,3,3,29,10.1,174.74
Solan,4.1,3324,1,1,35,9.1,176.13
Chamba,4.7,3477,5,4,8,21.1,191.22
Dharamshala,9.0,897,2,1,35,1.4,130.67
Palampur,3.2,1742,4,4,30,5.1,111.35
Bilaspur,8.0,2785,4,4,13,10.6,233.32
Chamba,10.0,2403,5,5,14,15.1,231.37
Shimla,3.1,2187,5,5,10,0.6,195.66
Bilaspur,4.1,1106,4,4,19,14.6,104.84
Kullu,7.7,2503,4,4,35,9.8,190.64
Mandi,3.4,3092,1,1,33,15.9,136.34
Solan,7.1,634,1,1,5,22.7,77.14
Kullu,7.8,2570,3,2,5,11.3,226.47
Bilaspur,7.1,3671,4,4,2,14.1,263.25
Solan,5.6,2508,4,4,24,11.8,185.94
Palampur,7.9,3834,2,1,12,3.4,257.09
Solan,7.2,1734,3,3,30,19.9,111.22
Shimla,4.5,512,5,5,30,22.2,79.14
Mandi,6.9,2887,1,1,7,20.4,157.06
Bilaspur,9.2,1244,2,2,27,23.7,100.94
Bilaspur,7.7,533,5,5,30,12.0,93.01
Kullu,6.3,1130,1,1,39,16.5,47.45
Solan,5.3,3769,2,1,28,4.6,199.89
Solan,3.6,3234,3,3,14,24.4,145.17
Palampur,4.7,1462,4,3,39,14.7,93.08
Chamba,3.1,2593,2,2,11,6.9,156.41
Solan,9.9,1687,4,3,32,20.2,144.97
Bilaspur,4.6,1120,2,1,15,14.9,65.35
Dharamshala,8.7,3959,2,1,37,23.8,220.12
Mandi,4.2,3348,3,2,31,19.4,174.8
Bilaspur,5.0,1772,1,1,23,22.0,90.91
Solan,5.9,1737,4,4,8,13.9,136.44
Mandi,5.3,3354,4,3,7,13.2,234.74
Shimla,8.6,2112,5,5,37,19.1,195.85
Solan,9.7,1819,2,2,32,3.1,159.57
Bilaspur,9.1,1855,2,2,20,1.8,203.53
Dharamshala,4.1,2063,5,5,35,24.6,109.66
Solan,8.4,2324,1,1,31,22.9,126.68
Palampur,4.0,640,3,3,15,23.9,42.6
Shimla,9.4,2180,3,3,33,2.0,211.32
Chamba,6.6,2039,3,3,31,7.1,170.42
Solan,5.4,1461,3,2,19,22.6,102.94
Kullu,4.1,1743,4,3,0,2.7,147.34
Palampur,3.1,1985,1,1,29,11.6,72.16
Shimla,4.7,1781,5,5,13,8.9,162.9
Dharamshala,9.4,3679,5,4,14,22.1,286.99
Solan,8.6,2349,1,1,28,13.2,127.02
Mandi,9.8,2260,5,5,32,7.6,219.29
Shimla,3.7,1420,2,1,3,13.3,76.08
Palampur,7.1,3707,1,1,32,3.3,204.79
Palampur,4.8,581,2,1,11,18.4,61.15
Solan,6.8,2425,4,4,22,15.6,172.26
Kullu,5.2,1090,5,4,34,15.2,67.09
Palampur,5.0,3190,4,4,8,11.2,215.09
Dharamshala,7.0,1823,5,4,8,7.7,219.96
Palampur,4.3,1527,2,2,38,2.1,76.0
Solan,6.3,702,5,4,14,23.7,99.68
Solan,7.6,3266,4,3,37,10.7,235.67
Shimla,3.9,1887,1,1,14,12.7,98.51
Kullu,9.5,1425,1,1,24,9.7,164.55
Mandi,6.5,3455,2,1,20,24.7,166.75
Palampur,8.7,568,1,1,39,20.0,70.41
Solan,7.6,2140,2,2,22,2.8,195.38
Shimla,8.0,1062,5,4,20,15.4,141.98
Shimla,8.0,944,2,2,18,12.4,96.31
Dharamshala,9.1,575,4,3,15,19.9,104.78
Shimla,7.3,1154,5,4,17,24.9,91.43
Kullu,4.9,3814,2,2,18,18.7,198.75
Shimla,3.7,2059,4,4,30,21.7,107.84
Kullu,7.2,3999,3,2,1,12.8,268.77
Palampur,3.5,1435,2,1,20,9.7,80.79
Bilaspur,4.7,3167,5,4,21,16.3,210.62
Bilaspur,3.4,813,4,3,30,18.9,48.49
Shimla,6.8,878,3,3,26,6.1,107.82
Solan,4.1,557,5,5,17,12.8,87.89
Palampur,7.3,3646,5,4,4,3.3,320.25
Bilaspur,8.5,2850,4,3,14,5.8,252.98
Palampur,8.8,3103,5,5,10,22.1,238.73
Palampur,5.2,3745,2,2,8,4.0,236.39
Palampur,6.8,1662,2,2,28,20.4,108.23
Shimla,6.9,3028,2,1,19,9.6,191.03
Bilaspur,6.3,2257,4,4,31,16.8,146.31
Solan,7.6,2399,5,5,5,22.8,201.08
Dharamshala,4.5,2816,4,4,39,19.6,158.97
Kullu,9.9,2144,3,2,18,20.7,189.36
Chamba,3.7,584,4,3,10,6.9,82.9
Kullu,8.8,762,1,1,14,9.4,125.3
Bilaspur,7.2,2255,2,1,33,18.5,129.13
Kullu,4.7,2494,4,3,28,19.5,141.12
Chamba,8.2,3063,1,1,6,19.9,198.91
Shimla,3.6,2502,5,4,39,18.6,100.79
Mandi,8.4,1158,1,1,5,6.2,108.58
Kullu,7.1,1783,4,3,11,7.6,182.57
Bilaspur,3.8,2053,4,4,29,23.6,89.57
Palampur,3.6,3943,5,5,21,14.1,205.43
Mandi,8.3,2363,4,4,17,19.0,181.67
Chamba,5.1,2722,3,3,37,15.2,155.13
Palampur,9.2,3074,4,3,31,23.2,209.56
Shimla,8.3,1767,2,2,38,21.8,120.44
Dharamshala,7.9,3875,3,3,11,6.9,282.64
Palampur,5.0,2862,5,5,34,22.2,149.3
Bilaspur,8.0,3468,1,1,8,7.9,246.41
Shimla,9.6,3122,2,2,32,11.3,225.53
Chamba,3.6,2675,1,1,21,21.4,101.85
Mandi,5.3,608,3,3,23,8.4,83.05
Mandi,4.6,2542,4,3,4,7.6,201.22
Bilaspur,5.8,953,1,1,35,16.9,38.12
Chamba,8.2,2611,3,3,11,25.0,195.35
Dharamshala,6.3,2954,3,2,23,3.7,213.5
Mandi,7.0,2408,4,4,6,17.7,193.08
Chamba,5.2,1579,2,2,37,13.4,104.31
Kullu,4.0,707,1,1,12,10.6,38.7
Bilaspur,4.9,2848,1,1,30,18.9,116.97
Shimla,9.0,2944,3,2,30,14.1,198.86
Palampur,7.2,2172,3,2,22,20.0,150.24
Solan,5.6,3007,5,5,4,18.7,229.29
Dharamshala,8.5,3226,3,3,11,24.6,202.69
Shimla,3.5,2293,1,1,24,20.4,123.53
Chamba,4.8,666,4,4,21,2.1,99.69
Bilaspur,4.6,3546,1,1,23,19.6,160.72
Solan,9.9,2133,2,1,9,16.4,187.2
Bilaspur,7.9,2853,4,4,21,2.7,242.43
Kullu,7.3,3688,2,2,3,15.3,229.56
Shimla,3.0,1769,3,3,19,18.9,100.05
Solan,4.3,2676,3,2,3,5.3,178.28
Solan,7.4,568,5,4,26,11.2,94.77
Mandi,5.7,3597,2,1,22,13.8,180.86
Palampur,9.5,707,5,4,34,10.6,157.38
Solan,8.4,2393,4,3,18,22.0,197.09
Chamba,6.1,1731,4,3,6,4.6,153.83
Mandi,8.2,625,1,1,9,19.4,93.77
Dharamshala,9.8,2117,1,1,32,19.6,120.8
Shimla,6.2,3774,4,3,38,11.5,219.65
Dharamshala,7.5,1084,3,3,2,13.7,126.58
Shimla,9.4,1522,2,1,27,4.3,172.39
Palampur,4.7,1162,5,5,19,5.3,142.26
Dharamshala,9.2,937,2,1,10,13.5,142.27
Palampur,3.7,1305,3,3,20,6.0,99.78
Kullu,7.5,2501,4,3,37,20.3,156.86
Bilaspur,8.5,3231,5,4,7,15.6,241.82
Kullu,7.3,2916,5,4,33,1.9,221.78
Dharamshala,6.5,3199,4,4,3,9.3,256.65
Bilaspur,7.3,3004,1,1,28,21.5,158.94
Solan,4.1,1840,1,1,2,7.3,126.26
Chamba,4.5,3650,4,3,2,18.1,233.57
Solan,4.9,1103,3,2,1,2.8,117.29
Palampur,7.2,2949,1,1,32,23.3,150.96
Solan,6.1,888,4,3,22,11.5,92.36
Dharamshala,4.7,3179,5,5,27,12.5,218.74
Palampur,9.2,804,1,1,6,14.5,125.16
Shimla,5.6,1256,5,5,36,9.4,134.07
Palampur,6.1,1869,2,2,32,18.3,95.6
Solan,5.9,2930,2,1,19,0.9,225.87
Kullu,4.3,659,4,3,35,4.5,100.39
Solan,8.1,1400,2,2,5,5.1,172.13
Shimla,6.1,1667,1,1,11,16.1,125.19
Solan,3.1,3058,5,5,1,22.3,178.8
Mandi,9.7,3865,2,2,6,2.1,287.67
Chamba,8.7,2649,1,1,33,21.4,159.63
Dharamshala,8.1,2276,4,3,16,20.6,167.61
Solan,9.1,1676,2,2,25,2.4,191.32
Shimla,9.3,3379,4,3,35,4.0,272.53
Kullu,5.4,875,1,1,30,9.1,65.07
Mandi,7.3,952,3,3,15,3.3,144.5
Mandi,7.3,1204,3,2,13,19.1,127.42
Chamba,4.9,1438,5,4,4,12.8,148.96
Chamba,4.6,2115,3,3,33,10.6,120.84
Solan,3.8,3812,5,5,39,18.3,173.98
Kullu,7.6,2776,2,1,20,7.7,207.92
Chamba,8.5,1842,3,2,19,21.9,150.02
Bilaspur,8.3,1240,5,5,33,16.5,174.22
Shimla,5.2,2769,1,1,13,9.0,162.85
Kullu,4.4,1385,5,5,16,13.7,129.64
Solan,6.2,3916,4,4,35,6.9,248.16
Mandi,6.8,2172,4,3,15,24.6,158.07
Palampur,9.4,2427,2,2,37,11.2,167.95
Dharamshala,9.1,3662,5,4,6,22.5,270.71
Kullu,9.4,1568,5,4,19,24.5,172.04
Mandi,9.0,2151,2,2,19,13.6,172.62
Mandi,9.8,2361,3,2,12,18.4,209.81
Solan,6.3,1448,1,1,38,14.5,78.77
Chamba,3.3,691,2,2,19,2.7,72.41
Bilaspur,3.6,1493,1,1,35,23.8,42.96
Solan,5.7,893,3,3,8,11.7,106.15
Shimla,4.8,2864,3,3,13,22.4,139.24
Dharamshala,4.2,525,3,3,19,16.6,47.75
Shimla,9.7,1607,4,3,22,3.1,191.48
Palampur,4.4,3594,5,5,9,10.7,214.51
Palampur,9.7,2490,1,1,12,5.3,213.78
Solan,8.3,2849,2,1,24,4.7,212.98
Bilaspur,7.5,2839,2,2,11,18.0,200.5
Dharamshala,7.7,1544,5,5,30,1.2,172.45
Shimla,5.3,2713,1,1,19,24.2,122.19
Palampur,7.5,1274,1,1,38,11.5,104.62
Chamba,4.3,2724,1,1,9,12.5,140.63
Mandi,9.6,2890,4,3,33,7.8,241.44
Mandi,5.1,3566,3,2,19,2.6,245.96
Dharamshala,4.8,3718,5,5,3,14.9,224.99
Solan,8.0,583,2,2,28,8.9,98.24
Kullu,7.6,1546,2,1,8,15.8,149.58
Shimla,6.2,2414,3,3,5,14.1,176.89
Kullu,7.4,1625,1,1,21,5.8,154.13
Dharamshala,4.1,2665,5,4,31,11.8,171.5
Solan,7.7,3489,5,4,10,8.0,297.24
Dharamshala,4.9,1403,1,1,24,6.4,99.8
Palampur,4.9,3626,5,4,0,19.4,255.58
Kullu,4.1,3587,3,3,7,0.8,240.68
Mandi,5.3,3699,2,2,30,7.1,188.31
Kullu,5.3,757,5,4,0,13.5,115.04
Solan,6.2,1526,3,3,14,12.2,147.83
Mandi,4.3,934,2,2,20,23.5,53.56
Shimla,4.4,921,5,4,2,21.2,95.56
Shimla,6.8,686,4,4,39,18.9,95.75
Shimla,3.9,2039,1,1,20,13.1,94.18
Palampur,7.8,805,4,4,13,11.0,143.77
Mandi,9.6,1535,4,3,39,1.4,187.37
Palampur,6.0,3934,2,1,22,20.6,181.48
Dharamshala,9.3,3593,3,2,27,11.1,248.73
Palampur,3.7,3779,5,5,3,8.4,280.4
Palampur,3.3,628,1,1,6,15.4,26.77
Mandi,8.0,2813,4,4,1,19.0,233.29
Shimla,8.3,2718,5,5,20,13.3,215.47
Bilaspur,8.9,964,5,5,33,4.2,153.03
Shimla,3.4,3671,2,2,36,23.1,120.29
Mandi,8.4,1915,2,1,22,3.3,186.48
Solan,5.6,3918,5,4,2,24.3,230.96
Bilaspur,5.1,898,3,3,25,11.3,99.33
Chamba,4.2,2775,3,3,25,23.7,122.89
Solan,10.0,957,3,3,23,22.9,122.63
Shimla,3.4,3824,3,3,28,10.5,198.87
Solan,8.8,2626,4,4,22,20.1,181.94
Solan,7.5,764,3,2,28,2.7,121.81
Solan,8.1,1251,2,2,19,2.5,155.04
Chamba,8.0,1757,3,2,6,9.2,192.99
Mandi,9.0,545,4,4,3,15.4,130.29
Mandi,4.3,530,5,4,36,0.7,80.44
Solan,3.0,3739,3,2,17,13.1,195.34
Solan,7.2,3934,4,3,12,24.4,255.06
Dharamshala,5.5,2376,3,2,11,21.5,136.26
Chamba,3.9,3659,4,4,2,6.2,228.17
Dharamshala,4.3,2793,2,2,37,13.4,125.96
Kullu,5.3,598,3,2,3,4.7,96.24
Shimla,3.5,3000,1,1,8,6.9,169.1
Bilaspur,3.4,563,2,1,18,23.1,8.0
Chamba,9.4,3357,4,4,14,24.9,250.87
Bilaspur,5.2,1784,1,1,1,6.4,141.41
Kullu,9.9,994,2,2,13,5.7,172.17
Kullu,9.8,1404,4,4,31,9.9,142.83
Palampur,4.0,2891,5,5,10,11.4,179.78
Solan,8.0,3464,3,3,34,2.7,259.78
Solan,7.2,2497,3,2,14,4.1,197.3
Mandi,7.8,1061,3,2,0,10.9,130.68
Dharamshala,3.7,3650,4,4,4,6.3,235.33
Palampur,4.3,3267,3,2,32,21.2,149.56
Chamba,3.5,1934,1,1,16,18.9,78.06
Dharamshala,7.2,2440,3,2,39,13.6,159.64
Dharamshala,9.9,3873,2,1,31,11.1,257.45
Bilaspur,7.7,1820,4,3,1,20.9,172.49
Dharamshala,8.0,590,1,1,12,4.6,126.95
Palampur,9.9,1010,4,4,28,22.2,130.22
Chamba,7.7,2601,1,1,2,1.7,214.81
Bilaspur,3.3,3991,5,4,39,23.1,188.8
Palampur,9.1,3089,4,3,6,3.9,283.27
Dharamshala,5.6,2662,1,1,31,20.4,107.14
Mandi,3.0,1630,5,5,33,0.9,129.87
Solan,6.6,2037,3,2,20,20.5,138.97
Shimla,9.6,634,4,3,32,14.8,111.45
Chamba,4.8,1798,1,1,35,1.0,103.24
Mandi,6.4,2682,1,1,29,19.5,116.04
Dharamshala,4.2,3670,5,4,28,3.0,199.26
Chamba,3.4,3728,3,2,15,13.7,188.06
Mandi,3.6,3374,4,3,11,8.6,208.68
Bilaspur,8.1,575,5,4,34,19.1,84.6
Mandi,9.0,3339,3,3,8,21.4,252.77
Bilaspur,4.0,1265,2,1,16,11.9,67.39
Solan,5.0,2656,5,4,20,19.1,180.54
Bilaspur,4.4,3812,1,1,15,23.0,171.96
Palampur,3.2,3607,3,3,14,17.4,207.41
Chamba,6.9,2825,5,4,23,8.4,227.78
Kullu,7.9,1547,2,2,13,11.9,129.39
Dharamshala,7.5,2323,2,2,39,6.1,174.26
Bilaspur,5.7,2962,3,2,7,11.7,219.45
Kullu,6.9,2299,1,1,15,6.5,145.54
Kullu,3.7,1915,1,1,33,20.3,67.25
Chamba,4.1,1909,2,1,19,15.4,109.11
Chamba,9.5,2599,5,4,28,16.0,216.8
Solan,8.3,625,2,1,25,3.2,83.8
Chamba,9.5,3993,4,3,13,0.5,318.68
Dharamshala,9.4,857,3,3,29,19.8,102.95
Palampur,7.5,3945,4,4,9,13.8,292.24
Bilaspur,9.5,623,2,1,29,23.3,75.48
Chamba,5.9,2294,5,5,5,13.7,192.07
Bilaspur,3.0,1961,2,2,27,5.8,98.17
Chamba,3.4,2508,4,4,4,17.6,160.69
Shimla,3.8,2017,5,5,34,17.7,118.94
Shimla,3.7,3640,3,3,25,2.1,202.39
Shimla,5.5,558,4,3,1,17.5,96.93
Mandi,7.9,3949,1,1,4,5.7,260.31
Palampur,8.5,2913,3,2,7,6.7,210.87
Kullu,7.1,3225,2,2,38,1.3,217.55
Chamba,4.0,989,5,4,23,15.9,93.51
Bilaspur,8.2,728,5,4,11,18.4,135.14
Dharamshala,5.5,1889,4,3,11,6.1,163.57
Bilaspur,3.1,1629,5,5,1,19.9,122.77
Solan,5.0,3240,5,4,8,19.2,218.67
Mandi,5.3,3637,4,4,34,10.5,206.13
Chamba,4.9,1996,3,2,23,2.2,160.58
Chamba,8.7,3189,2,1,14,7.4,217.79
Chamba,8.3,708,5,5,0,4.6,182.9
Mandi,7.9,3097,1,1,13,24.0,176.97
Palampur,4.0,847,1,1,15,20.5,46.5
Chamba,8.7,2837,5,4,4,2.4,267.12
Mandi,7.7,1837,1,1,24,13.1,120.82
Kullu,4.4,1953,1,1,26,7.0,91.25
Solan,7.5,1467,3,2,39,1.3,135.32
Bilaspur,6.4,1911,3,2,14,8.4,163.14
Shimla,6.1,3560,1,1,11,3.6,203.45
Bilaspur,3.8,3331,2,2,32,6.0,165.18
Kullu,6.6,1691,2,1,14,8.5,147.67
Shimla,3.7,1528,2,2,25,10.5,84.28
Shimla,4.1,2281,1,1,29,12.0,105.25
Bilaspur,3.9,2896,4,3,35,13.2,134.19
Dharamshala,9.7,1138,3,3,12,9.6,167.13
Kullu,5.0,3041,5,5,24,12.7,201.58
Dharamshala,5.5,3820,1,1,5,10.7,217.83
Solan,5.3,3455,4,3,31,24.1,175.38
Solan,9.3,2418,5,5,1,2.2,270.54
Palampur,6.9,1619,3,2,27,14.9,118.21
Mandi,9.4,1632,4,3,8,5.2,197.0
Kullu,5.1,3096,3,2,18,9.7,202.1
Shimla,3.8,2091,3,2,3,13.9,121.71
Solan,6.9,872,5,4,27,19.1,106.31
Mandi,5.4,2871,3,3,19,24.5,174.5
Solan,8.6,983,3,2,26,12.6,135.07
Mandi,9.2,3954,5,4,13,6.8,320.5
Dharamshala,6.3,1960,3,3,0,19.9,157.03
Shimla,9.8,1696,1,1,23,5.9,165.52
Palampur,6.9,693,4,3,27,12.9,87.8
Palampur,4.9,1087,4,3,26,21.2,71.31
Mandi,6.4,3816,2,1,10,10.4,240.5
Solan,3.3,2379,4,3,28,14.1,132.1
Chamba,8.6,3656,1,1,21,3.4,258.26
Solan,3.7,3845,2,2,8,1.9,242.89
Palampur,5.2,671,5,4,4,24.7,85.48
Dharamshala,7.0,1832,4,3,13,4.9,187.17
Dharamshala,3.3,3434,4,4,0,8.7,199.33
Kullu,3.6,2234,4,3,28,12.9,154.33
Solan,7.9,2281,1,1,0,9.7,182.17
Kullu,3.5,2495,5,5,1,2.9,214.33
Chamba,6.3,2956,2,1,6,5.3,204.86
Dharamshala,5.4,3785,4,4,13,12.6,234.59
Mandi,4.6,3604,5,4,0,11.3,244.55
Mandi,4.3,2687,2,1,25,20.1,103.84
Chamba,8.3,2519,4,4,5,8.1,207.06
Solan,9.7,1763,1,1,32,23.5,132.4
Kullu,4.0,907,4,3,22,7.4,98.14
Shimla,9.7,2981,3,3,3,8.6,252.47
Bilaspur,7.2,509,1,1,16,23.8,54.39
Solan,7.5,2943,4,4,5,21.1,226.29
Dharamshala,8.0,2239,5,5,39,8.3,186.45
Mandi,7.9,3252,1,1,23,10.2,209.32
Mandi,8.7,3822,5,5,32,21.1,264.74
Mandi,6.4,2435,5,5,14,2.6,207.73
Palampur,6.7,2504,3,2,5,7.7,208.27
Chamba,5.3,2205,5,4,9,13.5,182.25
Dharamshala,3.7,1805,2,2,16,20.8,106.75
Dharamshala,7.7,811,4,4,30,14.3,117.69
Dharamshala,3.2,608,4,4,17,12.5,61.38
Dharamshala,4.9,3030,3,3,37,24.1,131.48
Dharamshala,3.7,3702,5,4,14,3.4,268.05
Mandi,4.3,688,5,5,9,19.6,83.32
Solan,7.5,1645,4,4,19,3.6,189.88
Palampur,7.4,2628,3,3,4,18.5,193.25
Dharamshala,5.9,2966,5,5,26,13.8,216.91
Solan,3.6,3073,3,3,4,7.0,210.55
Mandi,6.0,2929,4,4,25,13.8,192.29
Dharamshala,5.5,793,1,1,15,22.0,41.7
Dharamshala,8.0,1388,2,1,14,12.1,130.06
Solan,7.1,2142,5,4,24,0.7,188.85
Kullu,6.4,723,3,2,28,1.9,107.37
Bilaspur,6.4,1701,3,2,37,16.0,108.81
Shimla,9.8,1847,5,4,11,17.1,195.49
Palampur,8.3,3923,2,1,32,10.3,215.23
Dharamshala,6.5,1609,2,2,33,6.4,125.86
Dharamshala,6.4,3899,1,1,39,18.0,183.95
Mandi,3.2,2950,2,2,38,8.0,139.69
Dharamshala,9.6,2922,3,2,31,2.3,227.42
Chamba,5.2,3369,4,3,11,10.5,226.52
Dharamshala,4.8,3448,2,2,27,13.7,173.41
Chamba,10.0,1278,3,3,31,24.2,134.12
Solan,8.0,1973,2,2,11,15.0,150.49
Shimla,3.3,2348,5,5,32,5.6,170.98
Dharamshala,3.4,3918,3,3,28,20.9,192.36
Shimla,3.2,642,1,1,19,7.6,42.3
Bilaspur,7.2,2168,4,3,34,24.0,140.2
Kullu,3.5,1249,2,2,3,8.5,108.76
Mandi,9.5,1223,5,4,27,22.8,130.59
Chamba,9.6,3166,2,2,31,22.0,191.13
Bilaspur,6.8,1206,5,4,1,21.7,143.07
Palampur,7.3,3276,4,3,16,1.5,282.29
Dharamshala,5.0,3978,1,1,20,21.3,165.67
Mandi,3.4,3217,4,4,8,18.2,202.56
Chamba,8.2,1094,4,3,35,8.7,130.8
Shimla,3.7,998,3,2,25,12.5,64.65
Shimla,3.6,2029,1,1,11,16.2,111.76
Chamba,5.2,2428,3,3,17,23.6,158.94
Bilaspur,3.1,3224,4,3,4,19.6,181.87
Solan,6.0,1979,1,1,3,11.0,158.43
Dharamshala,8.0,1084,2,2,29,16.3,88.35
Chamba,8.6,3970,4,3,39,5.1,264.87
Solan,7.2,3665,3,2,11,10.9,229.93
Kullu,8.9,2789,5,4,9,19.9,226.45
Bilaspur,5.8,2934,2,2,27,15.4,167.29
Chamba,8.9,3773,4,4,20,19.7,259.82
Solan,6.5,2162,3,2,5,13.0,192.62
Bilaspur,4.6,1008,2,1,26,9.8,94.08
Shimla,9.6,2620,5,4,8,18.7,235.65
Mandi,4.9,2078,4,4,4,2.8,181.31
Shimla,3.2,3299,3,2,18,24.5,156.63
Kullu,4.7,3200,2,1,29,23.7,149.16
Solan,5.6,2150,5,4,20,22.1,152.41
Kullu,5.5,1787,1,1,25,22.2,88.32
Palampur,6.7,1977,1,1,9,13.0,148.15
Chamba,9.2,2713,1,1,19,12.7,182.51
Shimla,5.0,2729,4,4,28,20.6,138.0
Dharamshala,6.6,2290,1,1,21,7.4,153.52
Solan,5.4,2361,4,3,9,21.3,153.74
Palampur,8.8,3971,1,1,38,5.4,245.4
Palampur,4.1,1388,4,4,2,22.0,105.29
Bilaspur,3.7,1108,4,3,36,13.8,46.48
Solan,6.5,3297,5,4,28,21.2,177.46
Palampur,7.7,3773,2,2,4,12.6,261.65
Dharamshala,8.6,2630,1,1,10,15.4,179.18
Bilaspur,7.1,1905,4,4,14,23.2,147.38
Palampur,8.4,1719,3,3,38,10.7,141.05
Shimla,5.7,2137,5,4,20,5.9,174.04
Dharamshala,3.2,683,1,1,10,2.7,52.65
Mandi,3.8,2350,3,2,36,15.0,121.49
Solan,3.3,1443,1,1,4,15.5,73.62
Bilaspur,5.3,1428,3,3,32,15.7,100.17
Shimla,6.5,2461,1,1,33,1.4,170.45
Kullu,5.5,3872,4,4,15,1.2,272.78
Mandi,6.9,1220,4,4,1,22.4,142.7
Dharamshala,6.4,3690,1,1,35,17.5,176.27
Bilaspur,7.7,2317,3,2,38,3.3,195.64
Shimla,7.7,3905,3,3,15,2.3,292.22
Chamba,5.2,1837,4,4,7,4.5,186.49
Shimla,5.4,3989,3,3,10,20.3,211.35
Shimla,7.1,2809,3,3,5,18.2,203.4
Palampur,7.2,2844,5,5,24,16.1,188.93
Shimla,5.2,2471,3,3,20,16.2,167.15
Dharamshala,5.3,2080,5,5,14,21.5,144.87
Kullu,7.9,2337,5,5,26,8.7,205.54
Mandi,7.5,3477,5,4,24,8.4,240.34
Shimla,3.9,3273,5,5,0,10.9,228.58
Solan,6.1,583,4,4,16,24.7,69.81
Bilaspur,9.2,2931,3,2,34,14.1,226.34
Mandi,3.3,3420,3,3,31,13.9,173.74
Shimla,9.0,3104,2,1,34,20.3,177.41
Bilaspur,4.1,2240,5,4,38,4.9,132.94
Kullu,6.6,1674,4,3,2,10.4,145.01
Chamba,6.0,2856,5,5,10,16.2,199.94
Mandi,3.1,2822,4,4,18,24.7,119.61
Mandi,9.4,1809,3,3,20,4.3,202.5
Kullu,6.2,1922,2,2,31,11.6,122.37
Bilaspur,9.7,1790,5,5,28,22.7,174.15
Chamba,5.0,657,4,3,28,18.3,49.29
Mandi,9.1,611,5,5,6,15.5,156.27
Dharamshala,9.5,790,3,2,27,6.8,119.17
Shimla,6.9,1983,3,2,31,5.1,157.15
Mandi,4.4,2286,1,1,30,9.7,122.32
Mandi,7.8,1929,1,1,23,6.8,147.08
Palampur,6.8,3843,4,3,3,20.3,253.87
Chamba,9.6,1286,2,2,5,18.2,125.99
Solan,6.1,1875,1,1,29,21.0,64.69
Shimla,4.9,1365,4,4,34,4.7,123.94
Shimla,4.0,1549,4,4,33,8.1,123.34
Solan,7.9,2544,1,1,17,19.3,155.33
Mandi,9.8,1584,3,3,23,4.5,214.97
Bilaspur,3.2,1612,3,3,7,4.1,112.49
Shimla,8.2,2847,1,1,23,9.9,182.29
Kullu,9.5,3405,4,4,7,5.1,297.48
Kullu,3.5,1243,2,1,31,2.4,83.89
Chamba,3.8,889,5,5,31,8.2,85.64
Dharamshala,7.8,1338,1,1,2,22.0,100.3
Kullu,7.5,2521,5,5,37,1.9,225.82
Chamba,3.5,3858,1,1,31,14.4,161.99
Kullu,8.8,1060,4,3,15,14.3,143.77
Dharamshala,6.7,649,4,4,18,13.5,112.74
Palampur,9.4,2348,3,3,3,12.9,219.85
Dharamshala,9.1,3968,2,1,37,0.9,263.31
Chamba,8.7,2433,1,1,4,1.7,215.46
Shimla,6.6,3735,2,1,36,13.0,187.92
Solan,4.8,2748,4,3,26,24.2,129.93
Dharamshala,6.5,610,4,3,36,10.5,79.39
Solan,3.7,1995,1,1,14,12.1,103.33
Kullu,7.6,3195,1,1,35,24.6,129.44
Bilaspur,3.9,2283,3,2,17,19.6,129.09
Mandi,6.6,1181,3,3,14,19.4,108.55
Palampur,3.4,1133,5,5,13,12.9,95.03
Shimla,5.1,2822,4,3,38,22.5,158.04
Palampur,4.6,2120,3,3,18,14.7,133.49
Mandi,7.3,2509,3,2,19,16.6,157.4
Shimla,8.5,1805,4,3,25,19.8,173.05
Chamba,3.4,1686,3,2,22,10.5,116.58
Chamba,9.0,2831,4,4,21,23.9,194.42
Mandi,9.0,527,1,1,15,24.7,66.53
Bilaspur,5.4,2021,5,5,6,14.9,169.38
Mandi,7.6,1797,5,4,39,5.9,148.92
Palampur,5.8,3227,3,2,19,19.5,184.96
Bilaspur,4.1,3049,3,3,38,8.4,171.43
Mandi,6.7,1990,3,2,18,14.6,156.45
Bilaspur,3.6,1419,5,4,23,2.6,132.17
Kullu,9.1,1325,1,1,21,20.3,122.34
Bilaspur,9.5,1239,2,2,38,24.0,83.13
Kullu,8.8,1457,4,3,4,2.8,226.14
Dharamshala,6.9,3162,4,4,20,18.4,199.51
Solan,6.9,658,2,2,6,21.6,72.2
Shimla,9.9,591,1,1,34,3.2,105.73
Shimla,4.7,2389,3,2,21,6.5,150.08
Shimla,3.5,1282,4,3,36,10.1,78.55
Dharamshala,6.9,3408,4,4,11,21.0,220.98
Chamba,5.3,3132,1,1,6,12.6,182.52
Palampur,5.3,3191,1,1,25,3.9,172.9
Dharamshala,3.0,2099,2,2,5,6.8,135.31
Chamba,7.2,2032,3,3,14,12.0,157.75
Mandi,4.8,1989,1,1,12,1.5,151.24
Shimla,4.3,1186,1,1,8,16.0,80.01
Mandi,3.3,2485,3,3,5,1.1,179.33
Chamba,5.6,3522,2,2,26,19.6,168.21
Bilaspur,9.2,1398,4,4,30,18.5,149.49
Kullu,5.4,698,1,1,15,21.7,31.15
Mandi,7.8,2476,5,4,11,4.4,239.21
Kullu,8.3,1897,1,1,6,15.3,153.35
Kullu,5.3,3291,3,3,27,19.6,204.47
Chamba,8.8,3498,5,4,32,13.1,238.96
Solan,7.8,3827,4,4,21,3.7,250.2
Palampur,6.9,1876,5,4,17,2.9,190.2
Shimla,3.0,3656,1,1,25,15.3,129.24
Shimla,3.2,912,4,4,36,12.7,49.91
Dharamshala,9.9,1804,1,1,39,23.3,99.92
Dharamshala,8.5,1430,4,3,7,20.9,143.73
Bilaspur,9.6,3730,2,1,19,18.2,227.51
Chamba,9.3,2600,4,4,35,24.6,193.08
Solan,3.1,1780,1,1,25,17.5,60.97
Chamba,8.5,1032,5,4,32,2.8,175.71
Chamba,6.2,3240,3,2,39,2.4,204.27
Mandi,8.5,2792,3,2,4,20.5,219.23
Palampur,3.0,3485,3,3,24,9.3,177.41
Chamba,5.0,2033,1,1,21,23.1,106.39
Solan,8.3,1024,2,2,11,3.4,155.41
Solan,8.6,1670,4,4,26,5.4,175.97
Mandi,7.3,2670,5,4,4,19.4,222.16
Palampur,5.1,1343,5,4,19,21.3,108.07
Mandi,5.2,747,3,3,16,21.7,62.07
Solan,9.8,3381,2,1,15,2.9,267.73
Palampur,6.1,2356,3,3,24,9.9,175.06
Bilaspur,6.1,1888,3,2,37,16.3,86.56
Shimla,6.9,2434,2,1,37,23.0,114.52
Dharamshala,5.9,3084,2,1,28,6.4,192.25
Chamba,6.9,504,5,5,13,15.2,119.2
Mandi,6.0,2041,2,2,38,4.0,123.33
Shimla,8.8,1389,1,1,39,18.8,65.55
Kullu,9.4,821,4,3,33,3.6,169.58
Kullu,9.5,625,4,4,34,25.0,92.98
Palampur,7.0,2041,2,1,32,2.8,172.37
Chamba,6.1,2403,4,3,30,17.3,162.08
Palampur,7.9,2276,5,4,29,19.5,166.95
Kullu,8.9,3240,5,4,25,6.8,235.44
Palampur,6.9,2102,4,3,25,6.7,172.93
Palampur,7.9,2564,3,2,15,15.1,190.5
Palampur,8.2,3356,1,1,35,15.9,191.76
Kullu,7.7,2800,3,2,25,18.2,167.71
Mandi,8.2,3687,5,4,24,14.7,262.24
Dharamshala,4.5,1275,5,4,29,4.8,126.57
Shimla,6.5,3253,4,3,3,23.1,223.79
Palampur,7.1,2938,5,4,36,4.6,219.55
Chamba,3.0,2539,3,2,23,14.3,129.38
Chamba,9.0,513,1,1,37,23.0,52.95
Chamba,7.3,2395,3,2,4,22.9,180.81
Palampur,3.9,3504,2,1,9,4.6,194.16
Bilaspur,8.7,2756,5,5,37,6.3,196.38
Dharamshala,8.0,517,4,3,27,15.2,95.76
Solan,8.3,1507,3,3,25,8.8,152.9
Solan,5.7,2492,2,1,16,18.4,126.73
Dharamshala,9.0,3341,1,1,22,13.3,197.46
Dharamshala,5.9,2057,1,1,21,7.0,129.27
Palampur,7.0,3498,2,1,7,10.6,227.95
Mandi,3.0,3285,2,1,22,17.4,140.75
Solan,7.5,1435,2,1,20,19.7,79.84
Bilaspur,8.0,1182,5,4,12,9.6,148.87
Dharamshala,7.0,3659,4,3,13,3.1,284.78
Shimla,6.5,2562,3,2,30,9.2,168.85
Mandi,8.7,3470,1,1,27,15.9,206.25
Chamba,7.8,3727,5,4,18,19.1,237.59
Kullu,4.9,1985,4,4,24,22.1,118.84
Mandi,9.7,660,3,3,9,24.1,112.26
Chamba,8.0,3681,3,2,19,13.5,234.27
Dharamshala,9.9,2542,3,2,22,22.1,172.62
Palampur,9.8,921,5,4,10,6.9,177.75
Kullu,9.4,2354,4,4,6,14.2,251.13
Bilaspur,8.3,597,3,3,21,13.7,103.66
Chamba,7.3,1514,4,3,37,19.3,124.12
Palampur,4.2,1717,5,5,18,19.4,120.89
Bilaspur,6.8,2090,2,2,36,7.5,139.05
Bilaspur,8.4,2479,5,5,34,22.2,176.26
Solan,6.6,3437,4,3,29,22.3,210.82
Kullu,9.1,1730,1,1,35,23.7,110.52
Chamba,3.8,3073,5,5,16,11.7,189.9
Palampur,5.7,3797,4,3,30,24.7,188.73
Chamba,6.5,3119,2,1,5,19.7,200.46
Mandi,6.0,1391,2,2,12,16.5,73.38
Shimla,3.8,2872,5,5,22,11.1,188.84
Shimla,4.1,1484,5,5,1,21.1,132.8
Dharamshala,8.9,2172,1,1,30,19.2,130.38
Chamba,6.4,2721,4,3,37,14.8,170.36
Chamba,3.3,1526,1,1,4,24.9,64.63
Solan,3.1,513,2,1,39,6.6,8.0
Chamba,6.3,3430,3,3,3,16.2,235.49
Chamba,4.2,3046,2,1,5,8.4,186.22
Palampur,7.9,930,3,3,30,11.7,110.9
Shimla,8.6,1821,3,3,27,8.8,172.46
Palampur,4.6,1415,3,2,37,8.7,98.65
Bilaspur,7.1,3922,5,5,17,9.7,308.47
Mandi,4.1,3796,1,1,22,1.9,210.77
Shimla,5.1,2919,4,4,5,1.5,241.33
Bilaspur,9.2,2042,2,1,27,18.3,152.82
Kullu,6.8,682,1,1,39,8.1,85.58
Bilaspur,9.2,1364,3,2,23,1.0,158.59
Chamba,4.6,824,2,2,37,2.5,48.98
Bilaspur,5.3,3263,1,1,15,5.3,195.58
Solan,6.3,808,3,2,39,1.7,105.07
Solan,6.4,2871,5,4,21,23.7,153.49
Palampur,10.0,3834,3,2,5,14.4,285.87
Shimla,3.8,1577,4,3,14,10.2,119.54
Dharamshala,9.0,2894,1,1,19,13.6,206.98
Dharamshala,9.0,3576,1,1,2,3.3,276.27
Kullu,6.9,1996,2,2,35,17.7,95.71
Kullu,5.4,2070,4,4,9,24.3,127.2
Chamba,6.6,1201,5,5,27,3.7,145.35
Dharamshala,5.0,1996,1,1,36,4.2,121.43
Shimla,8.6,3557,3,2,17,15.9,244.49
Mandi,6.5,2821,2,2,24,4.2,185.44
Chamba,9.5,1205,4,4,20,3.6,187.68
Chamba,7.4,2342,2,2,30,16.9,133.62
Bilaspur,6.6,2973,3,2,1,15.7,232.37
Dharamshala,8.0,770,5,5,14,5.8,168.8
Chamba,6.5,3171,3,3,24,20.7,192.12
Mandi,9.3,1204,4,4,3,3.1,219.87
Palampur,4.3,1531,4,3,34,8.6,119.51
Kullu,9.8,1957,3,2,25,18.6,167.76
Palampur,8.7,2267,2,1,0,15.5,188.55
Kullu,9.0,3706,5,4,0,15.2,311.27
Bilaspur,6.4,1280,2,2,6,17.3,112.33
Palampur,8.9,1395,5,5,26,16.3,154.5
Kullu,5.1,1826,5,4,20,21.9,150.6
Chamba,8.3,3500,3,2,19,14.4,223.85
Kullu,4.0,3877,5,4,22,10.3,209.76
Kullu,5.1,2090,4,3,19,19.3,145.87
Bilaspur,6.1,2925,4,3,13,6.9,209.88
Chamba,5.3,3710,1,1,0,19.1,203.84
Palampur,5.7,3463,1,1,1,7.4,239.92
Chamba,8.7,2884,1,1,27,12.3,171.69
Chamba,4.8,2392,1,1,29,18.6,102.07
Solan,8.2,3945,5,5,9,15.9,307.26
Kullu,3.5,1336,1,1,9,2.6,106.42
Chamba,8.4,1769,1,1,16,11.4,146.43
Chamba,8.5,2995,5,5,25,20.4,251.03
Chamba,5.8,573,2,1,23,24.9,31.67
Chamba,8.1,2251,5,4,22,11.9,207.69
Palampur,9.4,3490,5,4,1,2.6,338.56
Mandi,8.6,1118,3,3,17,9.5,160.73
Solan,5.7,3310,5,5,30,12.5,231.46
Palampur,6.4,1943,5,4,23,2.3,178.85
Shimla,8.5,3511,1,1,32,21.7,201.62
Bilaspur,5.0,2721,1,1,27,13.7,135.27
Dharamshala,8.6,1050,2,1,35,10.7,98.39
Chamba,5.3,3073,3,2,22,10.2,188.89
Dharamshala,8.6,696,4,4,22,1.2,157.84
Shimla,3.6,1351,1,1,22,13.2,83.85
Mandi,3.3,3609,1,1,10,12.2,179.52
Bilaspur,10.0,3565,2,2,17,9.0,255.66
Shimla,9.1,662,2,1,6,16.6,102.07
Shimla,9.2,1828,5,5,17,10.6,209.01
Chamba,9.7,829,2,2,5,14.5,122.7
Shimla,6.1,1448,5,4,19,22.2,113.82
Bilaspur,5.0,3886,1,1,38,9.4,180.52
Bilaspur,3.9,1182,1,1,18,10.2,63.67
Palampur,6.5,2745,5,4,29,21.7,184.44
Kullu,4.5,3314,2,1,17,9.3,174.19
Palampur,9.5,3583,1,1,36,11.3,192.01
Bilaspur,3.0,1739,3,3,8,20.1,75.0
Palampur,4.0,2939,1,1,33,15.0,121.24
Bilaspur,4.7,2191,1,1,28,23.4,75.33
Chamba,4.4,875,3,2,35,12.0,43.23
Dharamshala,4.6,1279,3,2,5,12.2,134.7
Solan,7.6,3118,3,3,35,1.6,235.28
Shimla,5.3,2901,3,3,36,5.3,177.65
Mandi,7.3,2323,1,1,11,13.7,163.32
Chamba,9.2,3233,2,2,24,5.1,238.57
Bilaspur,7.2,2919,2,2,23,11.6,174.73
Dharamshala,7.9,1687,2,2,1,7.4,188.96
Solan,5.6,1528,3,3,21,1.0,156.78
Dharamshala,4.1,3807,2,1,26,12.1,160.36
Chamba,5.2,3901,4,4,8,16.3,242.37
Dharamshala,9.7,607,5,4,14,8.8,168.12
Bilaspur,7.4,3267,4,4,23,19.5,209.8
Palampur,4.9,965,2,2,37,4.1,101.26
Dharamshala,6.2,3514,3,2,2,2.7,279.98
Palampur,8.8,2560,3,2,37,23.4,153.75
Dharamshala,7.7,2907,4,3,32,23.1,176.21
Dharamshala,6.9,2954,2,1,33,10.5,171.2
Shimla,9.2,2617,1,1,1,10.8,206.89
Chamba,7.7,1377,4,3,22,21.4,113.9
Bilaspur,7.5,3325,4,3,14,13.5,243.26
Mandi,4.3,2439,1,1,36,3.4,149.47
Mandi,3.7,2407,4,3,29,3.3,175.83
Solan,9.8,1614,1,1,25,3.7,175.69
Palampur,7.2,535,4,3,1,19.6,79.41
Mandi,5.9,2439,4,3,35,15.2,128.72
Mandi,7.1,1707,1,1,19,7.8,147.94
Chamba,3.4,2807,4,3,6,4.5,213.6
Chamba,8.8,1775,1,1,34,3.5,158.67
Palampur,4.5,3904,2,2,36,18.7,167.4
Solan,8.6,2883,4,4,19,22.2,225.2
Dharamshala,6.7,2094,2,1,26,13.5,144.02
Mandi,4.9,2978,5,5,24,19.4,195.44
Kullu,3.2,2768,5,4,12,7.4,166.46
Shimla,8.7,2671,5,5,29,14.8,222.78
Mandi,4.2,2523,1,1,39,11.2,128.57
Mandi,3.4,3761,1,1,37,2.6,181.69
Dharamshala,8.3,1611,1,1,27,12.4,137.25
Palampur,5.5,2013,3,3,14,21.2,128.86
Bilaspur,5.7,1385,3,2,36,1.8,120.26
Shimla,4.7,2493,4,4,37,12.2,164.66
Solan,9.0,3957,2,2,0,21.9,251.66
Kullu,5.1,2629,1,1,13,19.9,122.22
Solan,4.5,1223,4,3,22,12.6,94.12
Dharamshala,5.2,3725,4,4,23,4.7,242.2
Palampur,4.4,3265,4,4,28,21.3,148.61
Shimla,5.2,2040,2,1,20,4.3,151.08
Kullu,3.6,1013,3,2,0,7.3,102.02
Shimla,4.1,1909,5,5,6,3.5,190.7
Bilaspur,5.9,3315,4,4,30,11.7,182.64
Shimla,9.2,2519,5,5,27,15.9,227.78
Kullu,3.4,1150,3,3,26,20.8,68.15
Palampur,4.5,1054,1,1,17,11.8,72.85
Bilaspur,9.4,3885,4,4,10,24.3,269.1
Dharamshala,9.2,2065,3,2,12,15.1,197.78
Kullu,7.8,2900,1,1,27,15.3,186.47
Shimla,4.7,1762,1,1,20,4.8,120.93
Shimla,5.9,815,2,2,5,5.2,121.19
Mandi,4.5,1941,1,1,15,14.6,123.15
Shimla,3.9,2926,4,3,32,18.2,154.54
Palampur,5.7,1666,4,4,23,5.5,143.82
Kullu,7.0,2612,2,1,34,12.4,170.82
Kullu,5.5,2033,1,1,20,9.2,124.84
Kullu,7.3,1681,1,1,19,11.2,128.98
Dharamshala,5.1,1392,5,4,37,5.9,126.85
Dharamshala,5.4,1412,2,1,20,3.9,129.0
Bilaspur,8.5,1394,1,1,5,8.4,172.9
Dharamshala,9.1,3015,4,4,16,21.8,225.43
Kullu,5.3,1680,5,5,25,20.2,146.02
Mandi,7.0,3094,1,1,13,3.0,216.01
Palampur,4.9,1588,5,5,16,2.7,183.28
Shimla,3.4,1645,4,3,34,12.6,94.83
Kullu,8.2,3734,2,1,17,7.3,245.03
Kullu,4.2,3566,4,4,12,20.7,221.13
Kullu,6.0,1902,3,2,4,12.4,149.62
Kullu,6.4,1440,4,3,16,21.4,110.92
Solan,4.3,3004,1,1,30,3.2,143.35
Chamba,3.7,744,2,1,11,24.3,45.1
Kullu,5.4,2097,4,4,18,19.3,161.02
Shimla,9.7,2599,5,4,26,18.4,222.91
Dharamshala,7.3,2865,1,1,37,23.5,121.97
Chamba,5.7,874,2,1,32,12.0,64.85
Solan,3.3,510,4,4,11,4.1,85.39
Shimla,7.2,1468,5,5,6,12.7,164.28
Solan,3.6,917,4,4,26,20.5,50.85
Shimla,6.8,2275,4,3,10,21.6,173.36
Solan,8.3,3718,2,1,15,12.5,234.4
Chamba,6.0,1502,1,1,4,18.4,108.37
Bilaspur,5.1,2087,4,4,30,6.6,133.62
Bilaspur,3.3,1252,4,3,6,6.1,139.46
Shimla,3.2,653,3,3,15,14.9,48.32
Bilaspur,6.0,2961,3,3,16,10.8,209.25
Palampur,9.2,1397,2,1,1,4.4,184.31
Palampur,4.7,2414,3,3,31,19.2,127.6
Shimla,7.0,2890,2,1,24,13.5,163.02
Shimla,7.8,3439,3,3,21,13.2,221.77
Bilaspur,3.4,1149,1,1,7,5.1,76.22
Chamba,4.1,2534,4,4,2,6.4,194.61
Chamba,5.3,3687,2,1,2,17.5,222.98
Chamba,7.7,2192,4,4,25,21.4,167.52
Kullu,6.1,642,3,2,29,4.8,80.35
Dharamshala,8.1,1414,5,5,31,20.4,140.86
Palampur,9.1,3281,2,2,32,19.8,199.14
Palampur,8.3,3272,2,1,15,20.5,198.98
Bilaspur,9.9,1600,2,2,0,14.8,180.58
Dharamshala,8.3,1189,4,3,9,9.1,175.44
Bilaspur,9.0,1521,1,1,31,19.4,101.09
Palampur,8.8,1347,4,4,30,12.3,148.77
Kullu,8.1,3093,5,5,20,5.9,272.6
Shimla,8.6,3445,4,3,0,10.4,283.93
Shimla,9.5,663,1,1,31,11.7,110.17
Kullu,6.3,3094,3,2,32,12.9,199.19
Mandi,7.5,3133,3,3,9,22.5,189.01
Solan,6.6,2645,2,2,32,10.6,166.1
Bilaspur,9.0,3549,3,3,25,7.5,252.86
Kullu,6.0,636,4,3,35,24.1,36.31
Shimla,8.7,2949,5,5,25,6.4,245.41
Dharamshala,8.6,945,2,2,3,0.8,160.98
Solan,9.7,3639,2,1,25,21.3,220.13
Mandi,4.7,2249,2,2,4,23.9,114.95
Mandi,8.0,818,3,3,10,17.2,118.09
Shimla,8.3,3112,3,3,34,10.5,243.45
Mandi,9.6,3122,4,3,38,13.8,205.45
Bilaspur,9.3,2124,2,2,19,20.9,175.86
Palampur,7.0,1586,2,2,11,22.2,115.99
Dharamshala,7.1,560,1,1,15,3.0,93.75
Bilaspur,4.2,3677,1,1,9,21.8,143.61
Bilaspur,9.8,1144,1,1,22,15.6,130.15
Bilaspur,4.8,3449,2,1,16,1.3,194.92
Mandi,8.1,2560,4,4,2,3.2,260.77
Dharamshala,8.6,2898,4,3,24,1.6,268.43
Dharamshala,6.1,2929,5,4,25,23.7,163.6
Chamba,4.5,3503,3,3,26,10.9,207.99
Bilaspur,4.3,616,3,3,37,18.0,33.53
Shimla,9.0,3969,5,5,28,0.5,289.52
Palampur,6.6,651,1,1,27,19.9,30.57
Shimla,3.6,3996,4,4,8,12.3,236.07
Shimla,8.0,1414,5,4,18,23.1,147.51
Shimla,4.8,3460,3,2,17,13.3,177.04
Bilaspur,9.1,792,2,1,38,19.8,77.88
Solan,5.2,2113,4,4,18,15.9,159.0
Mandi,4.4,2396,5,4,27,13.3,168.31
Shimla,3.6,3840,2,2,21,23.7,157.44
Shimla,6.6,932,3,3,2,12.6,131.22
Solan,6.2,627,1,1,37,22.4,35.26
Bilaspur,8.3,2768,2,2,26,1.4,226.57
Kullu,6.3,672,4,3,9,16.6,112.46
Palampur,5.4,3220,3,3,2,22.8,192.42
Kullu,4.8,634,1,1,37,22.5,8.0
Dharamshala,4.9,3896,2,1,12,12.4,215.67
Shimla,9.5,2364,1,1,0,12.1,195.38
Chamba,4.2,3819,4,4,24,20.4,210.28
Chamba,9.9,943,5,5,0,8.7,182.86
Chamba,5.3,1456,1,1,8,23.5,72.22
Kullu,3.6,2092,2,1,35,6.6,103.23
Mandi,4.7,602,5,5,1,2.3,142.74
Solan,3.4,860,5,5,30,19.4,69.77
Palampur,8.5,1652,4,4,24,10.4,191.89
Bilaspur,6.6,3079,4,3,12,9.2,228.33
Chamba,5.4,2979,5,5,11,8.4,218.82
Solan,7.6,803,2,1,18,24.5,69.44
Chamba,7.4,709,5,4,21,14.5,116.42
Palampur,9.6,2796,5,5,35,24.8,211.72
Solan,9.7,1758,2,1,10,8.9,171.24
Solan,7.8,3272,1,1,23,10.6,201.05
Shimla,8.7,1543,3,2,27,5.7,182.5
Shimla,8.5,1769,4,3,0,11.0,202.46
Dharamshala,6.4,1267,5,4,35,2.0,134.08
Mandi,7.9,1432,1,1,39,0.5,123.11
Palampur,3.5,2971,2,1,3,11.6,138.92
Solan,8.3,2149,4,3,10,18.8,185.36
Chamba,9.7,2806,1,1,31,11.2,214.58
Dharamshala,3.6,775,4,3,32,13.2,42.28
Bilaspur,8.9,2374,2,1,6,11.4,183.34
Solan,9.5,2105,1,1,36,13.4,142.47
Shimla,4.6,3687,2,1,13,19.5,193.02
Solan,6.7,1982,4,4,11,20.2,179.49
Bilaspur,9.5,860,5,4,14,21.0,150.38
Solan,9.7,2940,1,1,26,5.7,203.56
Chamba,3.9,1023,3,3,8,11.7,92.86
Solan,5.4,3681,2,2,21,20.9,204.75
Kullu,7.9,1842,4,4,3,23.6,164.38
Mandi,4.6,3245,4,4,5,13.8,213.67
Bilaspur,5.3,2795,5,4,30,12.6,186.28
Palampur,3.2,2127,2,2,15,19.2,78.9
Shimla,4.1,2544,2,2,31,24.8,108.52
Kullu,6.9,1139,2,2,29,10.9,111.33
Bilaspur,7.6,759,4,4,39,4.5,96.18
Dharamshala,7.5,3182,3,2,5,20.9,195.65
Palampur,8.4,3854,1,1,37,17.9,192.72
Kullu,5.9,3516,5,5,35,4.1,250.07
Mandi,4.9,1567,1,1,17,8.4,94.28
Chamba,3.1,1753,5,4,5,14.1,138.97
Dharamshala,4.4,1756,1,1,5,18.4,93.82
Bilaspur,5.2,2958,3,3,20,19.6,165.28
Palampur,4.2,2682,2,1,0,4.3,187.15
Dharamshala,3.1,3287,4,3,3,5.8,215.74
Kullu,4.1,3808,3,2,21,18.7,186.22
Mandi,7.7,1873,2,1,22,3.3,168.82
Mandi,7.4,2819,3,2,34,12.7,183.65
Kullu,9.5,2251,5,4,38,13.9,195.01
Mandi,8.6,3841,2,2,10,8.8,263.63
Mandi,7.0,1739,2,2,13,20.0,148.52
Dharamshala,4.0,1156,1,1,7,1.9,94.64
Chamba,6.9,1825,4,3,8,19.5,171.68
Solan,3.4,2665,4,4,17,16.3,144.31
Chamba,6.0,3836,4,3,39,12.9,225.77
Solan,5.7,3401,1,1,35,21.9,165.98
Palampur,6.0,564,4,3,36,5.5,85.08
Solan,5.0,2281,5,5,18,20.1,148.61
Palampur,7.8,1056,5,4,26,5.1,151.64
Bilaspur,8.9,1767,5,5,28,24.8,158.24
Shimla,8.4,3803,2,2,9,1.3,286.91
Chamba,7.4,3946,4,3,18,14.1,257.66
Solan,6.8,1037,3,3,22,4.6,124.45
Dharamshala,3.2,993,3,3,14,10.5,102.99
Mandi,8.1,2937,2,2,18,4.1,221.73
Kullu,6.8,1938,4,3,17,5.2,174.71
Bilaspur,4.9,2014,5,5,2,2.0,212.6
Kullu,5.3,3556,4,4,30,0.7,247.17
Kullu,9.5,3722,5,4,36,18.1,273.21
Shimla,7.4,3651,5,4,30,11.6,272.55
Palampur,6.3,3240,1,1,37,1.6,193.18
Palampur,7.3,3931,5,4,17,23.5,244.29
Shimla,5.9,3019,5,4,2,16.8,198.99
Dharamshala,6.3,3596,3,3,10,7.0,235.07
Palampur,5.0,2391,4,4,34,11.2,154.94
Shimla,6.1,678,4,3,5,12.5,99.29
Kullu,7.8,3357,4,3,21,14.5,213.19
Chamba,3.3,3754,5,5,0,21.5,219.87
Bilaspur,8.6,1593,1,1,12,15.0,148.51
Solan,5.0,1998,1,1,4,24.5,98.2
Palampur,7.8,2502,2,1,4,18.3,190.46
Dharamshala,7.5,2780,3,2,6,24.7,191.09
Bilaspur,7.6,2861,5,5,21,14.0,238.44
Mandi,7.3,1879,4,3,27,17.1,173.21
Bilaspur,9.7,3490,1,1,11,18.6,261.94
Kullu,6.6,3347,4,4,32,19.0,207.7
Bilaspur,8.1,3797,3,2,15,1.1,275.52
Bilaspur,7.9,2515,2,1,29,3.6,188.54
Palampur,4.7,771,4,3,21,6.1,116.84
Mandi,5.0,3459,2,1,28,7.2,177.58
Palampur,6.0,778,4,4,39,22.7,77.27
Palampur,4.9,1178,1,1,39,18.2,37.01
Mandi,5.6,1498,2,1,23,4.0,122.84
Kullu,5.7,1147,3,3,38,10.9,79.45
Bilaspur,7.2,3033,4,3,28,6.5,205.25
Solan,4.5,2041,5,5,10,20.8,143.66
Palampur,8.6,1267,2,2,37,23.0,106.25
Palampur,6.1,516,5,4,5,4.5,128.15
Bilaspur,7.9,1257,5,5,18,10.7,186.31
Kullu,3.6,2924,2,1,6,23.8,126.57
Mandi,6.3,3280,1,1,31,16.6,150.1
Palampur,3.2,1536,2,1,35,21.8,41.92
Shimla,7.7,756,4,3,32,9.3,121.98
Solan,5.4,2450,4,3,4,5.6,204.03
Palampur,9.6,3240,4,4,10,17.4,259.79
Mandi,5.3,745,4,3,13,3.9,137.09
Dharamshala,6.9,3284,1,1,4,21.1,190.79
Mandi,4.8,1097,3,3,21,19.0,70.52
Chamba,7.3,1402,5,4,1,8.0,173.59
Bilaspur,6.3,2680,2,1,24,12.7,175.87
Palampur,5.6,679,5,5,22,20.1,82.22
Shimla,4.4,1569,1,1,23,23.4,52.35
Dharamshala,3.8,986,5,5,36,9.1,102.06
Mandi,3.8,1251,4,3,31,19.9,90.67
Mandi,10.0,3206,4,4,10,5.3,292.1
Kullu,5.9,1300,4,4,22,22.6,99.48
Solan,3.0,652,5,4,32,17.3,46.28
Chamba,9.7,1251,2,1,34,4.2,140.17
Shimla,3.1,803,1,1,25,18.6,10.78
Shimla,5.9,2679,5,4,3,18.2,197.99
Solan,8.0,3904,1,1,17,18.7,232.9
Kullu,9.4,1086,4,3,34,8.9,146.74
Kullu,8.0,3051,2,2,2,18.6,228.63
Dharamshala,6.2,1769,5,5,23,20.8,139.47
Mandi,9.8,751,5,4,21,9.0,159.19
Shimla,3.3,2907,3,2,8,5.6,196.07
Kullu,9.9,1234,3,2,13,22.3,141.0
Palampur,8.9,2297,3,3,39,15.7,165.64
Shimla,9.5,2274,3,3,23,11.8,200.29
Kullu,4.8,2590,5,5,37,22.1,160.22
Kullu,4.0,972,2,2,18,3.8,90.87
Shimla,7.6,1378,5,4,33,20.4,140.98
Shimla,6.6,3080,4,3,24,12.5,203.83
Shimla,6.7,3764,5,4,36,1.5,275.8
Bilaspur,9.5,541,4,3,13,24.3,115.01
Dharamshala,7.3,1948,5,5,15,19.6,184.27
Palampur,5.2,3584,3,2,1,5.8,252.84
Solan,5.8,1504,3,2,9,23.1,94.95
Palampur,3.9,2066,2,1,5,23.4,101.31
Solan,4.3,3665,2,2,7,20.1,198.08
Solan,4.0,3891,1,1,12,3.6,227.01
Mandi,8.7,2793,2,1,34,5.1,216.0
Kullu,7.9,2929,5,5,15,19.0,227.66
Bilaspur,6.7,2648,5,4,33,22.9,185.07
Dharamshala,5.6,1492,4,3,32,5.8,121.91
Chamba,7.7,3603,2,1,39,11.8,186.56
Kullu,8.7,619,3,2,20,4.3,129.03
Shimla,9.2,704,4,3,33,12.2,136.07
Dharamshala,6.8,2606,1,1,16,16.2,142.98
Shimla,8.7,3431,5,4,25,1.0,267.36
Shimla,6.6,3349,5,5,32,16.3,196.57
Bilaspur,6.3,2872,5,4,5,16.2,226.91
Bilaspur,9.1,1817,1,1,2,11.6,156.71
Kullu,5.7,1759,5,5,6,22.4,156.02
Dharamshala,5.8,1989,4,4,28,3.8,163.63
Kullu,5.1,1397,3,3,18,1.8,126.88
Chamba,6.6,1966,1,1,11,12.6,126.61
Palampur,6.8,866,3,2,30,13.6,90.77
Shimla,7.6,1619,2,1,0,7.0,158.91
Palampur,6.0,3793,5,5,6,24.1,240.6
Dharamshala,4.5,2974,2,2,18,6.7,181.44
Shimla,9.1,996,2,1,36,7.1,125.44
Shimla,5.4,1501,5,4,29,20.4,120.74
Chamba,9.5,1408,1,1,27,23.1,108.51
Solan,4.5,1485,5,4,28,13.6,102.14
Bilaspur,6.9,2918,5,4,12,1.0,260.2
Mandi,6.8,3632,2,2,17,9.2,237.05
Solan,8.8,2985,4,4,35,6.0,233.45
Solan,4.0,2209,4,3,29,13.0,126.15
Kullu,9.4,1062,3,2,23,17.2,157.43
Bilaspur,6.7,1000,4,3,3,10.1,127.35
Chamba,7.1,3349,1,1,29,13.7,190.42
Solan,6.6,2871,3,2,14,19.1,193.62
Bilaspur,3.3,2286,3,3,15,6.5,142.92
Solan,6.5,2520,3,3,26,5.3,184.59
Mandi,4.8,3469,5,4,15,20.2,201.93
Palampur,5.4,3348,5,5,22,1.4,248.04
Shimla,7.5,805,4,4,0,4.2,175.36
Shimla,6.5,1882,3,3,7,0.8,186.77
Bilaspur,3.7,649,3,2,21,14.1,87.4
Shimla,3.5,1846,1,1,38,15.2,54.88
Shimla,4.3,2729,3,2,30,13.5,158.89
Shimla,4.3,1229,2,2,16,10.6,95.45
Shimla,7.3,1025,5,5,38,13.5,122.18
Dharamshala,4.2,2218,4,4,11,5.3,191.57
Solan,9.2,2337,5,5,35,20.7,170.25
Shimla,4.5,2999,5,5,16,24.5,180.11
Dharamshala,3.6,549,3,3,3,13.7,60.5
Chamba,9.1,1367,3,2,0,9.7,175.17
Palampur,5.1,3229,4,4,39,19.9,160.04
Shimla,6.0,2886,3,2,25,5.2,182.84
Dharamshala,9.7,3648,2,1,5,8.4,255.91
Bilaspur,9.6,3351,4,4,39,23.5,221.71
Bilaspur,8.0,3436,3,3,1,5.1,273.0
Chamba,3.5,2287,5,5,13,3.2,179.65
Dharamshala,7.2,3854,2,1,29,13.9,225.07
Palampur,9.9,1955,3,2,2,14.9,207.73
Bilaspur,9.6,3660,3,2,36,15.1,234.37
Dharamshala,3.7,1871,5,5,27,4.5,185.16
Bilaspur,5.8,2054,3,2,37,18.2,123.69
Bilaspur,5.2,2899,1,1,33,6.4,183.17
Chamba,3.9,1894,2,1,32,23.7,57.34
Mandi,7.9,1014,5,5,9,6.1,179.5
Dharamshala,4.9,3636,2,2,8,0.9,220.69
Kullu,5.4,2085,2,2,9,14.4,135.64
Bilaspur,3.6,3744,1,1,6,5.5,197.42
Solan,6.5,1896,4,4,26,15.9,182.1
Dharamshala,4.1,3904,1,1,2,6.1,212.34
Dharamshala,6.0,2610,2,2,17,11.0,166.64
Solan,4.0,3189,4,3,23,4.9,181.49
Mandi,9.7,3144,5,4,21,11.0,271.88
Bilaspur,4.0,1206,2,2,19,3.8,85.83
Palampur,6.7,3354,2,2,8,8.8,237.31
Dharamshala,4.4,3807,1,1,4,5.4,197.84
Dharamshala,3.5,2813,3,3,39,20.5,113.08
Bilaspur,4.4,3814,5,4,18,18.4,196.16
Shimla,3.4,3461,2,1,23,4.6,174.78
Mandi,4.0,2831,2,1,22,2.5,162.0
Palampur,6.5,2170,2,1,14,1.1,170.53
Shimla,7.6,3500,5,5,28,6.1,257.87
Bilaspur,3.6,1149,3,3,15,12.3,97.77
Chamba,6.1,2464,4,3,16,10.3,212.88
Mandi,7.1,3355,4,4,32,24.3,197.16
Kullu,4.6,3804,4,4,12,19.9,205.09
Bilaspur,5.6,1434,3,3,27,2.4,133.28
Mandi,3.5,828,3,2,26,4.4,68.29
Shimla,4.5,1666,3,2,1,1.2,167.78
Bilaspur,6.3,3523,1,1,27,3.9,210.92
Chamba,9.9,2333,3,2,32,13.5,170.6
Dharamshala,10.0,694,5,5,10,2.4,207.89
Palampur,9.9,917,1,1,36,2.0,139.47
Palampur,6.0,1686,5,5,0,3.4,217.99
Palampur,3.6,1699,3,2,7,16.9,98.89
Kullu,5.3,973,2,2,37,1.0,92.0
Solan,4.7,2229,1,1,34,24.3,61.2
Palampur,3.1,2176,4,4,30,9.8,126.97
Kullu,3.7,1197,1,1,24,8.7,68.62
Mandi,6.2,1312,3,3,8,12.1,125.18
Dharamshala,5.4,2825,1,1,19,13.2,156.77
Solan,4.3,3832,5,5,22,10.8,237.02
Solan,8.0,3987,1,1,3,12.4,250.2
Solan,5.5,2457,5,4,23,8.8,203.79
Kullu,9.0,634,3,2,3,8.4,143.1
Bilaspur,4.7,3642,1,1,5,1.2,225.62
Bilaspur,6.8,3826,4,4,6,17.0,238.47
Palampur,4.3,1473,5,4,7,15.6,136.54
Kullu,6.5,1901,2,1,3,16.9,135.65
Chamba,4.1,590,5,5,38,23.6,51.16
Palampur,4.1,3304,4,4,32,12.1,167.12
Kullu,7.3,3214,4,4,20,22.1,212.57
Mandi,4.8,572,2,1,14,11.4,35.54
Solan,4.2,2958,1,1,7,12.2,167.14
Chamba,9.5,1941,3,3,37,16.0,157.75
Bilaspur,3.3,2409,5,4,31,5.8,161.36
Dharamshala,7.0,1264,3,2,30,5.8,119.34
Solan,6.8,3353,4,3,18,13.0,215.39
Mandi,4.8,1915,4,3,1,2.2,176.4
Dharamshala,6.2,3440,2,1,25,6.3,209.51
Bilaspur,3.6,1018,1,1,19,19.9,41.26
Chamba,8.0,2557,5,4,11,11.9,231.24
Kullu,4.6,1585,4,4,12,1.2,147.32
Chamba,4.4,3880,3,2,2,2.0,274.65
Kullu,5.2,2449,3,3,34,23.0,122.3
Shimla,9.3,3018,5,5,6,23.9,238.37
Solan,8.6,801,4,3,32,16.2,115.88
Chamba,9.6,2869,4,3,38,5.0,238.08
Dharamshala,7.6,853,4,3,1,9.5,148.53
Bilaspur,7.6,1764,2,1,24,8.0,142.27
Kullu,6.4,1278,4,3,2,19.7,142.62
Mandi,9.3,507,5,4,33,13.7,143.34
Kullu,6.6,2552,2,1,20,19.6,122.53
Kullu,5.5,1343,3,3,0,9.3,155.81
Bilaspur,7.5,2294,4,3,30,21.8,154.33
Shimla,6.8,3173,3,3,30,11.0,204.93
Mandi,3.9,1123,5,4,36,10.7,105.34
Shimla,5.7,2984,3,3,19,12.5,157.17
Palampur,5.2,1539,2,2,37,15.0,90.23
Mandi,8.9,1658,1,1,26,22.4,128.68
Mandi,5.7,2519,5,5,21,11.7,183.48
Solan,8.8,2689,4,3,14,23.3,184.89
Chamba,6.1,2793,3,2,11,10.1,215.23
Kullu,8.3,1183,3,2,24,8.5,117.81
Solan,3.9,2528,3,3,29,7.7,151.97
Solan,9.5,1422,5,5,1,1.0,246.87
Dharamshala,6.4,1469,4,4,16,21.3,129.07
Palampur,4.8,3815,5,4,1,2.4,285.43
Solan,4.7,853,5,4,15,8.7,111.09
Mandi,4.9,1946,4,4,31,6.6,150.64
Bilaspur,5.6,2037,3,3,27,18.7,113.65
Palampur,8.0,1357,2,1,4,23.3,112.13
Dharamshala,9.6,3248,4,3,28,20.5,227.84
Dharamshala,7.7,2204,4,4,0,8.3,202.01
Shimla,6.8,3017,3,3,0,11.7,233.38
Dharamshala,6.1,1854,1,1,36,6.6,84.08
Kullu,8.8,3638,5,4,1,23.1,275.43
Solan,8.9,3053,5,4,10,3.4,286.85
Bilaspur,5.1,1666,2,1,5,23.8,86.4
Solan,9.7,3867,3,2,23,20.4,235.39
Shimla,5.8,3527,1,1,20,17.9,172.25
Palampur,8.6,2571,5,4,33,19.5,201.42
Dharamshala,9.8,557,2,2,39,8.8,107.67
Dharamshala,7.9,2569,2,2,29,7.7,171.46
Palampur,4.1,2917,3,3,18,9.8,175.39
Shimla,7.1,1776,2,1,1,4.9,175.89
Chamba,3.8,1003,4,4,36,18.8,58.53
Kullu,8.5,2476,5,5,22,12.1,209.55
Shimla,5.0,3305,5,4,8,22.2,206.73
Kullu,7.9,1617,3,3,21,22.0,140.88
Kullu,9.4,2097,1,1,15,4.3,199.22
Shimla,4.3,503,5,4,14,5.9,106.2
Solan,5.8,2963,2,1,18,10.6,198.47
Palampur,7.5,3531,5,4,30,3.4,266.09
Bilaspur,5.9,3217,2,1,6,17.4,178.84
Shimla,4.2,2003,3,2,38,18.6,77.89
Chamba,3.2,657,3,2,2,18.2,58.02
Shimla,5.8,2222,3,3,5,12.0,155.24
Kullu,7.5,3791,1,1,27,21.2,190.4
Shimla,7.0,792,3,2,5,15.3,116.52
Dharamshala,4.1,1248,3,3,31,24.8,64.27
Bilaspur,6.2,3429,5,5,29,20.5,191.13
Chamba,5.6,2488,3,3,17,18.2,155.79
Solan,4.9,1096,5,4,18,3.5,135.45
Dharamshala,8.1,584,2,1,39,20.9,52.96
Shimla,5.2,1937,2,1,31,8.0,118.76
Solan,6.8,2582,1,1,25,10.8,157.07
Chamba,9.5,3440,4,3,5,11.8,296.87
Bilaspur,6.8,3593,1,1,23,8.6,225.13
Bilaspur,7.3,2102,2,1,1,3.2,219.45
Chamba,3.5,1978,5,4,10,5.4,163.46
Mandi,4.2,3759,4,3,27,20.2,182.47
Dharamshala,3.7,3219,3,3,16,16.5,158.09
Dharamshala,8.4,1232,5,5,39,23.6,112.83
Kullu,8.9,2884,4,4,37,20.6,205.07
Palampur,4.3,3003,5,4,3,10.4,225.94
Chamba,4.5,1318,4,3,35,19.8,81.38
Chamba,5.3,3922,3,2,34,14.6,193.14
Bilaspur,7.1,1538,1,1,4,7.5,136.85
Dharamshala,7.4,2423,2,2,15,24.4,172.69
Mandi,7.8,2228,4,4,37,23.2,137.82
Mandi,9.3,2922,2,2,0,3.2,276.73
Dharamshala,5.1,3655,4,3,2,21.1,223.8
Shimla,7.6,1876,1,1,20,2.4,151.31
Chamba,6.9,1845,1,1,38,23.3,68.22
Mandi,5.1,3129,2,1,11,15.8,165.3
Shimla,9.4,3832,2,2,30,4.6,270.67
Kullu,3.7,3681,5,4,27,20.5,178.28
Shimla,8.0,3134,2,1,5,13.1,240.05
Palampur,8.1,2960,3,2,11,2.0,243.21
Dharamshala,9.4,3190,3,3,24,20.1,228.13
Dharamshala,6.6,3775,2,2,19,19.8,214.07
Shimla,5.3,537,5,5,9,12.3,129.04
Palampur,8.8,2560,4,4,8,18.4,212.42
Mandi,8.4,619,1,1,22,1.5,114.28
Chamba,6.5,2519,2,1,33,8.3,139.15
Chamba,8.4,1881,1,1,16,17.0,141.98
Solan,4.9,1566,2,2,37,6.1,112.22
Mandi,7.1,3618,4,4,26,11.5,243.59
Bilaspur,9.1,2983,5,5,16,23.3,260.0
Shimla,5.2,2485,3,2,28,20.8,133.82
Mandi,6.4,3586,1,1,17,14.2,192.33
Kullu,9.7,842,1,1,30,14.6,105.18
Mandi,8.6,2762,3,3,39,22.2,151.97
Chamba,9.2,1046,2,1,31,21.6,84.1
Shimla,5.7,1315,3,3,5,2.7,137.26
Mandi,10.0,1148,1,1,2,11.9,154.28
Dharamshala,4.1,2404,2,1,32,5.2,129.49
Kullu,6.6,2701,3,2,33,2.5,205.16
Shimla,6.4,3145,2,2,22,7.7,199.23
Shimla,8.6,2042,2,1,9,15.5,157.51
Shimla,9.4,3787,2,2,35,20.0,241.43
Solan,8.1,1807,1,1,17,22.9,83.81
Solan,7.4,1048,2,1,11,10.9,119.25
Chamba,6.0,627,2,2,14,10.8,86.59
Shimla,6.6,946,5,4,11,4.3,155.66
Shimla,6.6,2057,5,5,11,5.3,213.48
Chamba,3.1,1945,3,2,13,3.0,136.85
Chamba,6.5,3489,2,2,26,24.4,180.28
Solan,9.0,939,3,2,0,3.6,166.75
Shimla,8.0,1418,4,3,14,19.0,127.2
Chamba,8.6,3931,2,1,6,8.3,273.85
Shimla,5.7,599,4,4,25,13.7,72.03
Chamba,6.7,1985,5,4,39,21.9,123.71
Dharamshala,3.2,1193,3,3,31,23.4,54.1
Kullu,5.7,2367,1,1,9,6.4,180.99
Dharamshala,6.3,3907,1,1,20,22.8,202.69
Palampur,4.8,1294,5,5,0,6.7,171.91
Chamba,3.2,1796,3,3,16,20.2,91.88
Dharamshala,7.8,2071,2,1,11,0.9,204.81
Solan,6.0,3294,4,3,20,13.6,215.22
Chamba,5.9,3946,5,5,16,18.3,272.05
Shimla,4.7,837,3,3,27,21.1,40.82
Shimla,6.8,2210,2,2,21,21.1,141.49
Kullu,6.1,3134,5,4,37,7.8,196.42
Shimla,6.3,530,1,1,2,21.4,68.17
Palampur,7.1,3321,5,4,37,8.4,210.0
Shimla,3.0,1348,3,3,31,6.2,69.74
Kullu,9.4,2314,1,1,28,0.5,181.59
Mandi,3.5,3924,2,2,33,6.3,194.82
Kullu,6.2,2722,4,4,2,3.4,239.12
Palampur,4.5,3961,4,3,8,17.0,257.75
Shimla,6.7,2612,1,1,0,4.0,199.64
Solan,5.0,1236,4,4,31,14.8,104.75
Palampur,9.0,2924,5,5,14,3.6,277.83
Kullu,5.8,2653,4,4,14,17.8,188.91
Solan,7.5,1587,4,3,24,7.5,163.49
Mandi,4.7,769,1,1,16,8.1,79.97
Bilaspur,3.1,2768,4,3,25,16.2,128.37
Solan,5.8,2521,4,4,37,23.5,106.93
Solan,6.8,3207,1,1,13,24.8,171.58
Bilaspur,6.2,940,2,1,35,9.3,55.15
Shimla,9.7,2385,5,5,21,23.7,221.86
Shimla,7.9,3365,5,5,15,15.5,247.5
Kullu,10.0,3619,1,1,36,22.7,190.59
Solan,5.1,3788,4,4,19,1.2,288.41
Mandi,8.5,1241,3,3,5,1.3,185.13
Solan,6.9,1105,3,3,11,2.3,148.61
Bilaspur,7.3,2516,3,3,33,20.2,163.04
Shimla,9.9,2119,5,5,20,3.9,252.97
Dharamshala,7.6,1320,3,3,22,4.8,165.03
Dharamshala,9.3,857,3,3,27,14.8,106.43
Mandi,8.1,1002,4,4,7,24.0,133.82
Palampur,3.9,1686,3,3,3,14.4,118.73
Shimla,7.9,3088,5,5,17,18.4,221.69
Chamba,6.4,727,2,1,36,5.1,78.76
Dharamshala,9.4,868,5,5,5,22.9,131.96
Bilaspur,8.6,1425,4,3,28,1.9,187.23
Dharamshala,3.7,3558,5,4,39,7.4,197.1
Shimla,3.9,3965,2,1,3,11.6,209.51
Shimla,3.5,2040,3,2,5,6.0,144.85
Chamba,6.5,656,1,1,34,16.8,41.47
Solan,3.6,541,5,4,4,17.1,93.5
Dharamshala,8.1,3506,5,5,29,5.7,256.81
Bilaspur,6.9,2056,2,2,31,0.7,159.02
Chamba,8.9,771,1,1,12,2.3,132.41
Mandi,5.0,3416,4,4,11,0.5,235.69
Shimla,6.6,2351,4,4,20,22.7,160.7
Dharamshala,3.8,1724,3,2,20,15.7,88.38
Dharamshala,9.2,2082,1,1,34,3.9,152.87
Kullu,4.2,1287,5,4,23,2.8,138.89
Palampur,3.7,3760,3,2,38,20.5,175.22
Dharamshala,4.4,3257,4,3,9,20.4,187.13
Palampur,8.6,1196,5,5,11,23.2,150.32
Bilaspur,3.7,3072,3,3,9,4.4,197.13
Chamba,7.3,1128,1,1,26,13.3,84.98
Kullu,8.2,2086,5,5,1,3.5,257.16
Shimla,8.3,3120,4,3,34,20.0,201.73
Kullu,4.3,627,5,4,30,10.6,52.29
Mandi,3.4,3040,4,3,39,17.5,152.84
Kullu,6.1,1290,5,4,38,1.2,154.14
Solan,4.4,2947,5,4,2,19.6,201.35
Mandi,7.9,2247,2,2,29,6.1,140.92
Bilaspur,5.5,591,1,1,20,21.1,34.03
Solan,6.1,3166,1,1,29,5.1,194.76
Mandi,3.8,1409,4,3,34,19.9,74.39
Shimla,7.0,3833,2,1,23,3.8,244.91
Solan,4.3,3439,3,3,0,16.8,214.46
Mandi,7.8,1174,4,4,34,19.6,113.62
Dharamshala,3.5,2603,3,3,17,10.0,167.88
Palampur,9.8,1767,1,1,18,6.5,176.31
Solan,7.8,2607,2,1,23,8.9,186.13
Chamba,4.3,2449,1,1,36,7.8,126.97
Shimla,3.1,1535,2,1,21,16.0,61.59
Shimla,5.3,2779,4,4,8,1.6,211.01
Kullu,4.1,1410,3,3,29,1.5,113.35
Kullu,4.5,3675,4,3,25,7.6,225.48
Bilaspur,9.1,3812,1,1,2,7.3,284.85
Solan,7.2,1080,4,4,21,4.8,160.03
Chamba,4.2,3047,3,3,31,18.1,146.96
Kullu,6.9,3752,2,2,35,1.1,232.55
Palampur,4.8,944,4,4,11,23.1,75.74
Bilaspur,9.8,3088,1,1,20,19.1,205.63
Shimla,3.2,3781,3,3,32,10.4,165.73
Mandi,8.1,1287,3,2,23,21.5,112.64
Chamba,8.4,2538,1,1,16,15.6,207.73
Dharamshala,3.5,3292,5,4,7,14.5,187.04
Shimla,4.2,1666,2,2,1,8.2,131.29
Shimla,5.7,1332,1,1,27,16.7,76.76
Kullu,9.1,1889,3,2,38,3.9,181.51
Solan,6.8,1673,5,5,24,13.4,148.07
Mandi,7.6,3038,4,4,31,3.3,240.41
Kullu,8.5,1798,4,3,27,11.4,164.58
Bilaspur,8.8,1816,5,5,13,15.6,180.01
Chamba,6.3,3805,1,1,20,4.3,238.36
Shimla,6.6,2525,3,3,10,5.9,212.23
Solan,8.0,3752,2,2,8,20.4,221.52
Bilaspur,4.8,2986,4,4,23,6.8,192.5
Dharamshala,9.0,3598,5,5,25,2.8,289.01
Mandi,3.1,1183,1,1,39,8.6,20.03
Bilaspur,4.4,3783,1,1,9,23.4,180.46
Kullu,8.6,3804,5,4,11,17.5,287.63
Mandi,5.4,642,3,3,6,14.6,85.52
Solan,4.0,1746,2,1,37,21.1,57.0
Palampur,4.3,1946,1,1,31,16.7,80.04
Dharamshala,6.7,1967,2,2,13,20.4,134.63
Palampur,8.9,3224,1,1,38,16.6,167.73
Shimla,3.5,2944,2,1,28,21.7,119.63
Kullu,3.2,1245,1,1,19,15.8,35.08
Palampur,6.3,2630,1,1,15,7.0,181.53
Bilaspur,9.7,3911,5,5,22,1.5,311.97
Mandi,5.0,2040,4,4,3,3.1,173.77
Chamba,9.7,3748,5,5,6,13.1,307.99
Solan,9.2,2774,2,1,37,24.3,158.03
Mandi,5.0,3737,2,2,8,19.1,200.68
Bilaspur,8.7,3659,2,1,6,19.5,226.89
Kullu,7.8,558,3,3,34,16.8,81.1
Chamba,6.6,3300,1,1,37,22.6,150.58
Kullu,6.0,1161,2,1,32,18.5,80.48
Kullu,8.7,3384,5,4,4,6.8,294.86
Shimla,8.6,3328,2,2,33,12.7,204.26
Mandi,8.3,1404,4,3,10,10.4,155.7
Palampur,10.0,731,2,1,0,4.6,143.95
Shimla,6.3,1967,5,5,36,5.9,174.82
Palampur,8.6,1560,4,4,10,7.5,202.67
Shimla,9.0,2438,5,4,26,4.8,223.39
Kullu,4.5,787,3,3,2,5.8,112.94
Solan,3.3,654,5,4,7,23.0,62.34
Mandi,5.8,2029,2,2,35,8.9,134.55
Dharamshala,9.0,3194,3,3,23,20.8,224.98
Solan,5.0,1602,1,1,39,2.1,69.17
Chamba,7.9,1632,1,1,7,24.6,128.35
Chamba,3.1,1074,4,4,35,19.2,53.9
Solan,5.5,1489,2,1,34,22.7,57.02
Palampur,7.3,1545,1,1,36,13.4,92.66
Palampur,3.9,1407,2,2,1,16.0,96.6
Shimla,9.3,1702,2,1,4,9.3,176.36
Solan,4.1,1491,4,3,21,11.1,100.42
Palampur,9.4,2882,1,1,4,18.9,198.13
Mandi,4.5,1683,1,1,2,1.7,123.14
Dharamshala,10.0,3141,4,4,32,1.4,287.08
Palampur,7.2,2616,1,1,27,21.9,136.72
Dharamshala,3.6,2741,3,2,33,3.2,181.92
Mandi,3.5,2542,4,3,37,18.2,122.28
Solan,3.5,3730,3,3,5,5.4,235.0
Palampur,7.1,1394,1,1,33,9.5,89.04
Chamba,8.7,3938,4,4,1,7.7,308.18
Palampur,5.8,1222,1,1,14,12.5,93.31
Solan,6.1,983,2,1,11,20.8,69.85
Kullu,7.1,3392,1,1,9,22.0,183.76
Kullu,6.7,3635,3,3,28,5.9,240.65
Bilaspur,7.8,824,4,3,4,8.8,155.32
Palampur,6.3,2599,4,3,32,21.0,137.01
Solan,8.0,2294,1,1,34,2.7,171.02
Kullu,10.0,1270,2,2,26,3.4,171.37
Solan,5.5,2321,1,1,3,12.2,144.0
Mandi,3.1,2900,2,2,23,19.9,112.33
Shimla,3.9,2509,2,1,25,8.7,137.49
Chamba,6.9,2319,4,3,14,2.2,179.82
Chamba,5.4,3599,4,4,14,24.2,203.72
Chamba,9.6,1289,5,4,18,23.5,174.97
Dharamshala,7.4,2683,2,2,39,16.5,121.53
Mandi,6.6,1607,1,1,0,17.2,133.83
Dharamshala,8.6,3907,1,1,20,23.4,221.73
Palampur,4.8,1380,5,4,12,16.3,107.75
Dharamshala,8.7,3549,5,4,21,19.8,257.71
Shimla,3.0,2712,2,1,0,11.9,162.69
Bilaspur,7.3,1251,5,4,36,6.1,132.15
Solan,9.5,3155,3,3,18,20.9,215.62
Palampur,8.5,1344,1,1,38,17.3,93.2
Bilaspur,9.0,1418,2,1,6,7.6,179.46
Solan,5.8,1706,2,1,23,15.8,98.24
Dharamshala,8.8,2886,4,4,27,20.5,206.11
Mandi,6.9,1870,1,1,31,7.1,120.54
Shimla,7.3,2491,1,1,0,19.3,167.6
Mandi,3.4,2435,4,3,25,2.3,174.15
Kullu,4.4,1188,2,1,5,15.8,85.69
Palampur,6.9,1313,2,1,17,25.0,81.4
Kullu,3.4,1573,5,4,2,21.7,115.08
Bilaspur,8.2,1278,5,4,2,22.0,149.5
Shimla,8.9,3715,3,2,30,17.2,221.48
Kullu,9.4,1834,5,5,28,11.8,211.83
Bilaspur,3.7,1917,5,4,35,17.1,128.49
Bilaspur,9.6,2852,3,3,28,8.4,207.92
Kullu,3.5,3258,5,4,23,14.0,194.1
Bilaspur,6.3,2908,1,1,4,13.7,192.86
Chamba,8.9,2429,1,1,30,13.8,148.82
Dharamshala,3.5,3916,5,4,9,10.6,234.28
Solan,3.1,3649,1,1,4,9.1,181.15
Chamba,3.2,1208,4,3,29,8.6,107.89
Shimla,6.6,1060,3,2,23,6.0,139.63
Kullu,8.7,1875,4,3,5,11.2,190.46
Kullu,3.9,3423,4,4,21,3.4,200.4
Shimla,3.9,3876,1,1,27,22.6,160.82
Chamba,7.0,2959,2,2,19,2.2,221.72
Kullu,4.6,2915,4,4,28,21.0,170.2
Kullu,8.1,1317,5,4,20,6.4,163.04
Bilaspur,9.6,2572,5,4,14,21.4,231.0
Shimla,8.4,1145,5,4,8,18.1,149.11
Chamba,9.1,2388,5,4,10,23.1,216.01
Palampur,6.6,1178,5,4,32,21.8,102.42
Kullu,8.8,764,3,3,14,17.7,142.68
Solan,4.3,3885,2,2,28,4.2,215.33
Solan,3.5,3626,3,3,14,14.0,189.8
Solan,7.6,2898,4,3,21,8.8,223.93
Chamba,3.4,2689,3,2,24,22.2,115.14
Shimla,9.2,1339,5,4,19,21.9,141.53
Mandi,7.8,2500,4,3,29,8.2,222.44
Shimla,9.7,3118,2,1,36,17.0,217.19
Dharamshala,5.2,2388,5,5,34,8.8,170.1
Bilaspur,6.4,1486,5,5,36,17.1,133.14
Kullu,8.2,1871,3,3,1,15.5,206.46
Palampur,4.7,3443,1,1,30,13.0,175.28
Dharamshala,6.8,1391,2,2,29,22.0,82.01
Palampur,7.6,3864,5,4,16,6.5,287.47
Solan,9.9,3143,1,1,12,20.0,192.42
Solan,8.2,3615,3,3,2,17.4,264.15
Kullu,3.8,2283,4,3,33,7.4,153.93
Bilaspur,6.3,1283,2,1,33,10.8,107.19
Solan,7.1,618,5,5,3,2.2,173.06
Bilaspur,4.0,2372,3,3,23,15.1,134.94
Shimla,6.0,1896,1,1,22,22.3,81.86
Shimla,5.0,897,2,1,6,3.4,109.78
Solan,3.8,3750,2,2,21,3.7,199.16
Palampur,6.6,3895,2,2,32,12.1,221.75
Dharamshala,4.2,1808,5,5,13,7.4,151.27
Mandi,7.1,2838,2,2,29,7.3,194.45
Palampur,4.2,1946,3,3,38,16.1,111.02
Dharamshala,8.1,2238,3,2,18,10.6,190.26
Shimla,4.4,2683,2,1,4,21.2,144.32
Mandi,9.3,1957,3,2,11,11.0,205.22
Bilaspur,3.2,3305,2,1,5,15.6,186.99
Mandi,6.7,1162,1,1,14,10.2,104.54
Mandi,5.2,2839,3,3,25,6.8,189.27
Kullu,4.6,3940,3,3,8,12.0,250.23
Bilaspur,6.3,3475,1,1,20,18.2,188.15
Kullu,8.9,660,4,4,39,23.8,62.83
Mandi,9.4,898,4,3,10,1.5,174.17
Shimla,5.1,2700,2,2,35,13.5,146.16
Solan,4.1,3736,3,2,12,16.1,194.29
Palampur,8.0,3454,2,1,24,2.6,256.33
Chamba,7.1,3663,4,3,6,20.8,261.89
Kullu,4.4,1024,1,1,10,7.3,76.01
Shimla,8.3,2317,4,3,34,21.9,147.7
Bilaspur,6.6,3040,1,1,23,14.0,166.17
Bilaspur,7.6,2686,1,1,22,4.2,185.18
Dharamshala,5.5,3219,2,2,20,18.6,188.51
Shimla,6.1,1244,1,1,9,4.4,108.74
Dharamshala,4.3,2099,3,3,37,18.1,108.63
Chamba,8.3,2067,1,1,15,20.3,158.08
Dharamshala,4.1,3789,2,2,0,14.6,219.96
Mandi,8.4,1209,1,1,36,7.1,116.51
Dharamshala,8.6,1642,5,4,1,11.2,204.28
Chamba,8.2,576,4,3,35,13.4,121.19
Mandi,3.1,1031,2,1,10,16.8,51.01
Solan,4.9,3933,1,1,2,16.0,220.16
Dharamshala,6.3,3466,5,4,8,10.3,253.18
Kullu,7.2,1407,4,3,26,19.1,99.08
Bilaspur,9.4,2957,5,5,21,19.4,234.91
Palampur,5.6,2575,1,1,6,17.6,146.12
Bilaspur,9.1,3673,2,2,12,7.2,267.0
Chamba,4.1,1550,1,1,8,12.0,86.63
Kullu,5.6,3980,3,3,26,11.1,235.68
Solan,3.4,1797,1,1,34,20.5,57.96
Solan,8.2,3009,1,1,10,20.3,184.45
Mandi,4.1,1892,3,2,35,21.7,74.16
Solan,4.8,2850,5,5,16,6.2,201.38
Kullu,8.4,1672,4,3,3,18.8,176.55
Chamba,6.7,3451,4,4,12,21.8,236.89
Mandi,3.1,2730,5,5,34,4.6,188.61
Kullu,3.0,1510,5,4,32,1.5,114.11
Chamba,6.6,3863,1,1,29,3.1,249.9
Bilaspur,5.1,2982,2,2,15,15.4,163.12
Kullu,4.3,2000,4,3,31,10.8,114.47
Solan,7.3,975,5,4,28,5.3,128.14
Solan,4.6,3906,4,3,31,13.4,197.13
Bilaspur,7.1,3142,4,3,22,19.7,205.08
Chamba,5.7,2837,2,2,20,21.5,145.53
Chamba,4.3,3415,2,1,38,18.9,132.42
Mandi,4.0,2624,1,1,37,22.2,76.15
Solan,4.7,1312,2,1,21,15.3,64.12
Dharamshala,3.2,1329,1,1,8,21.0,42.43
Kullu,5.2,776,5,5,16,10.7,127.29
Solan,9.3,720,1,1,20,21.4,106.42
Mandi,8.8,3050,2,1,27,22.4,204.01
Mandi,5.6,3481,5,4,12,17.3,235.1
Shimla,7.0,1073,5,5,1,11.1,159.75
Chamba,7.0,2508,2,1,32,7.4,156.63
Mandi,8.8,933,3,2,37,8.5,128.41
Bilaspur,4.7,1950,3,2,3,3.7,161.38
Palampur,5.1,3267,5,4,12,1.7,252.05
Bilaspur,5.1,3341,4,4,17,10.7,239.4
Kullu,3.3,3820,3,3,30,1.5,213.65
Kullu,5.2,1587,2,2,30,22.1,101.32
Shimla,9.1,3820,2,1,13,16.4,235.56
Palampur,9.4,3242,4,4,12,21.2,250.1
Solan,3.8,1685,5,5,16,11.4,141.37
Mandi,6.2,1647,1,1,9,6.0,125.01
Shimla,5.7,876,4,4,17,7.6,129.26
Solan,6.4,3723,3,2,10,21.4,234.48
Palampur,6.9,1211,1,1,2,3.5,165.48
Kullu,3.1,1437,1,1,28,17.6,47.52
Kullu,8.9,1945,2,1,31,6.0,143.62
Solan,9.8,981,2,1,11,9.2,154.21
Chamba,7.6,3320,1,1,16,0.6,242.52
Bilaspur,7.6,2943,2,2,16,12.2,199.15
Bilaspur,6.7,1048,5,4,0,3.6,177.86
Solan,5.3,1069,4,4,21,21.6,81.12
Mandi,4.0,576,2,1,18,2.9,65.85
Palampur,7.1,3822,4,3,37,6.6,257.52
Palampur,3.3,2025,3,3,14,0.9,165.92
Chamba,8.8,2794,4,4,31,24.8,172.94
Bilaspur,5.9,1024,2,1,15,16.2,76.98
Solan,5.9,1308,1,1,7,16.3,77.41
Mandi,5.3,2395,2,1,13,13.2,168.77
Palampur,9.8,1230,5,5,35,21.8,154.76
Chamba,4.2,2645,3,3,10,4.0,161.21
Dharamshala,4.1,3733,1,1,33,19.9,146.34
Shimla,4.2,1567,5,4,26,20.3,98.22
Bilaspur,7.6,2627,5,5,29,1.4,225.22
Solan,9.9,3704,3,3,30,3.8,292.18
Shimla,4.6,3628,4,4,20,13.9,224.65
Kullu,9.3,527,1,1,24,2.7,117.94
Mandi,5.0,885,3,3,2,7.4,108.91
Kullu,7.5,3951,5,4,27,10.4,262.58
Solan,3.3,3738,3,2,28,4.4,199.42
Kullu,6.5,1626,1,1,4,17.8,112.34
Dharamshala,7.6,2320,4,3,20,12.6,188.55
Palampur,6.8,2504,4,4,20,16.2,189.72
Shimla,4.7,2839,4,3,12,12.1,168.72
Shimla,8.8,3126,4,3,2,10.6,254.59
Dharamshala,9.8,1805,1,1,0,12.6,181.44
Mandi,6.2,3614,1,1,8,22.5,207.26
Mandi,7.5,706,4,4,9,10.2,146.55
Solan,8.5,613,5,5,8,16.2,143.48
Bilaspur,4.7,3852,1,1,24,20.9,172.1
Kullu,9.1,1120,3,2,16,15.7,136.67
Kullu,5.0,3981,3,2,4,6.0,265.87
Shimla,8.4,1500,2,1,3,3.5,182.16
Kullu,3.8,1775,4,4,26,15.0,125.72
Solan,5.0,597,5,4,37,18.3,43.81
Mandi,6.7,3803,5,5,32,19.3,222.27
Shimla,6.7,1757,1,1,30,17.5,101.51
Shimla,9.0,1087,3,2,12,0.6,180.26
Kullu,10.0,2191,5,4,28,19.5,227.75
Shimla,3.8,1041,2,1,3,15.3,52.26
Kullu,4.9,3264,5,5,6,24.7,201.87
Dharamshala,5.5,755,3,3,5,19.2,85.38
Bilaspur,6.4,2247,3,3,7,11.0,183.77
Solan,6.5,1869,2,2,14,17.1,152.17
Bilaspur,9.0,630,5,5,1,15.6,169.89
Solan,8.4,683,3,3,32,8.8,92.85
Dharamshala,3.1,2315,3,3,28,13.6,133.7
Shimla,6.2,1881,3,2,25,5.5,168.97
Chamba,7.3,954,1,1,7,2.7,131.78
Solan,6.2,984,4,4,34,18.5,67.32
Shimla,3.9,3316,2,1,0,9.9,191.43
Solan,5.8,3056,2,1,39,19.0,146.14
Bilaspur,5.9,2627,4,3,29,12.5,184.32
Dharamshala,4.3,3416,1,1,8,20.3,140.58
Solan,8.3,742,4,4,7,18.6,121.28
Chamba,5.2,2907,3,2,27,19.2,164.53
Shimla,7.1,3133,4,3,32,11.0,227.71
Solan,6.6,1201,1,1,18,24.0,75.41
Mandi,9.1,2377,4,3,2,10.4,247.83
Chamba,3.9,3183,2,2,19,19.9,152.83
Chamba,3.8,2612,5,4,19,12.5,181.05
Palampur,5.1,1373,2,2,13,6.3,119.94
Bilaspur,6.0,2826,1,1,36,15.9,140.76
Bilaspur,5.1,3158,3,3,13,12.0,182.75
Shimla,8.3,533,1,1,9,7.0,118.25
Dharamshala,4.7,2485,2,1,27,9.9,120.73
Mandi,3.6,2266,4,3,24,4.4,161.3
Mandi,5.9,1783,3,2,24,24.7,94.56
Kullu,8.4,654,4,4,20,16.3,123.18
Kullu,9.0,792,5,4,12,4.8,163.97
Mandi,8.1,3125,3,3,10,19.2,212.62
Mandi,6.9,3396,3,3,4,15.2,236.68
Mandi,8.1,1967,1,1,7,18.2,157.21
Mandi,7.8,3788,2,2,23,14.8,241.85
Palampur,4.6,3746,4,4,16,2.0,235.77
Shimla,6.9,2830,1,1,29,5.5,159.59
Kullu,8.4,2533,2,1,32,19.3,143.49
Bilaspur,5.2,3875,1,1,22,19.0,168.09
Chamba,7.6,2634,5,4,4,19.0,236.43
Chamba,6.4,3769,3,2,0,0.9,292.42
Chamba,6.5,3926,4,4,9,20.2,234.35
Dharamshala,3.6,1181,4,3,11,11.3,122.78
Kullu,7.7,2812,2,2,2,17.5,215.86
Chamba,9.1,3059,1,1,31,7.2,188.64
Solan,4.0,3370,2,2,14,19.4,151.27
Solan,5.6,1722,1,1,29,24.6,48.3
Shimla,3.3,3515,2,1,8,6.7,192.53
Dharamshala,3.2,2206,2,1,0,19.7,112.57
Chamba,9.9,1853,4,3,5,15.3,205.68
Mandi,6.5,1049,2,1,18,7.2,84.52
Bilaspur,5.5,1624,1,1,19,7.7,95.34
Shimla,4.9,3911,5,4,17,18.4,232.9
Mandi,9.9,3006,1,1,38,7.5,214.49
Bilaspur,4.8,3041,2,1,26,1.7,157.7
Solan,8.1,3634,2,2,29,21.9,187.09
Chamba,5.0,1434,1,1,4,14.9,110.13
Solan,3.5,2815,5,4,18,19.1,146.25
Bilaspur,7.8,1800,2,1,24,15.3,132.83
Shimla,3.0,3467,4,3,23,13.2,164.52
Kullu,7.7,1978,1,1,37,19.4,118.07
Kullu,4.8,3492,3,2,19,1.3,198.65
Mandi,8.2,3116,1,1,14,8.1,212.94
Dharamshala,8.4,3201,2,1,37,15.9,198.86
Chamba,8.1,3739,3,2,13,23.6,236.2
Bilaspur,3.2,3267,5,4,22,10.1,188.42
Palampur,7.9,1625,2,2,1,24.4,126.32
Mandi,9.9,2325,4,3,6,19.0,214.33
Chamba,4.7,2153,1,1,2,12.4,119.09
Dharamshala,4.9,726,2,2,16,11.0,71.37
Palampur,8.7,2576,4,4,37,3.7,218.12
Solan,4.1,2030,3,2,2,15.6,129.45
Chamba,7.6,1876,3,2,39,1.8,172.58
Mandi,8.3,883,4,4,34,11.0,111.79
Kullu,3.3,2264,1,1,0,6.3,118.54
Bilaspur,6.9,2526,4,3,0,23.9,179.2
Palampur,7.0,869,5,4,36,9.4,119.37
Mandi,5.1,2722,4,3,23,12.5,172.36
Solan,9.1,1086,2,2,6,9.7,151.35
Chamba,4.1,1007,2,2,38,3.9,54.23
Mandi,5.5,1903,5,4,22,9.1,150.71
Bilaspur,8.9,1861,4,4,25,19.6,160.1
Shimla,4.3,3702,5,5,27,15.7,205.57
Solan,8.7,736,5,5,8,11.2,176.14
Chamba,3.6,1722,3,3,14,20.6,97.08
Dharamshala,6.4,3070,1,1,5,0.6,213.68
Solan,3.5,1374,2,2,21,20.8,70.03
Kullu,7.7,3935,2,2,39,2.0,251.33
Mandi,8.5,3100,5,4,25,21.8,203.57
Palampur,8.9,3811,2,2,27,23.7,179.18
Shimla,9.9,3821,2,2,7,20.6,243.75
Chamba,7.7,882,5,5,21,1.0,173.83
Solan,8.4,2106,1,1,39,13.4,144.55
Shimla,6.5,3106,4,4,3,20.8,194.71
Shimla,9.4,530,3,2,8,13.9,135.78
Kullu,7.5,2082,5,5,28,9.3,198.95
Chamba,9.2,2908,3,3,0,12.0,266.4
Chamba,4.6,3275,3,3,8,2.5,235.43
Kullu,6.5,1952,5,4,37,12.7,168.15
Palampur,8.1,3520,5,5,0,1.2,318.7
Bilaspur,4.4,2857,4,4,17,16.3,178.63
Solan,4.5,659,4,4,13,10.1,90.08
Mandi,9.8,1472,5,5,15,5.2,225.22
Chamba,6.0,3782,5,4,10,0.9,269.13
Solan,4.3,508,4,4,11,23.1,55.57
Solan,5.3,878,2,2,30,14.1,68.16
Palampur,5.8,1705,4,3,1,16.4,168.4
Shimla,7.4,3978,2,2,5,19.6,235.49
Mandi,9.5,2966,3,2,10,15.9,243.5
Mandi,9.9,1016,3,2,33,10.6,133.47
Palampur,7.6,1875,5,4,15,15.9,190.35
Solan,7.9,3788,3,3,1,6.7,275.13
Palampur,5.3,1267,5,4,20,14.3,130.44
Solan,9.0,2514,5,4,25,5.5,235.84
Dharamshala,4.5,2124,5,5,18,23.0,122.66
Palampur,3.7,3161,1,1,3,13.0,163.61
Solan,9.8,3133,4,3,35,6.2,265.69
Dharamshala,9.0,3416,2,1,34,16.2,194.83
Dharamshala,5.1,918,3,3,36,2.7,74.89
Bilaspur,7.7,2088,3,2,38,11.1,155.81
Dharamshala,6.3,2921,2,2,12,21.7,147.8
Bilaspur,5.3,1966,5,5,16,19.3,168.84
Kullu,5.0,2835,5,4,38,17.7,179.52
Dharamshala,4.0,2725,3,2,17,12.0,168.78
Mandi,6.8,1797,1,1,34,11.4,110.71
Palampur,6.1,850,1,1,25,0.8,114.09
Kullu,6.6,3896,2,2,37,15.2,219.01
Bilaspur,4.5,3390,5,4,0,14.6,222.58
Shimla,9.6,3631,3,3,28,0.6,299.68
Shimla,7.5,1549,1,1,32,3.9,116.59
Palampur,9.3,1606,3,3,7,0.8,207.97
Dharamshala,3.8,1632,5,5,29,6.7,110.21
Shimla,7.4,608,3,2,7,0.6,140.83
Palampur,8.9,1093,3,3,36,10.7,124.24
Palampur,5.3,1579,1,1,36,12.2,73.57
Shimla,4.4,3955,5,4,0,11.2,259.03
Mandi,4.9,1216,1,1,20,5.4,84.15
Mandi,4.9,2277,5,5,15,13.3,174.68
Kullu,6.1,2415,2,2,35,20.4,135.86
Dharamshala,5.3,1759,1,1,12,7.6,111.33
Chamba,4.9,3715,2,1,28,8.2,206.67
Shimla,7.5,826,1,1,4,13.8,105.61
Solan,3.4,3546,1,1,8,6.2,193.8
Dharamshala,5.4,3103,1,1,39,8.8,152.93
Palampur,7.8,1570,4,3,15,11.6,156.46
Chamba,4.2,3187,5,4,30,10.0,199.15
Solan,4.5,2000,2,1,38,20.5,81.28
Bilaspur,4.4,3897,4,4,38,21.3,175.77
Bilaspur,3.0,627,2,1,0,10.4,44.23
Dharamshala,6.3,604,3,2,9,11.5,99.45
Shimla,3.3,2404,2,1,28,23.9,91.07
Shimla,4.9,3760,5,4,37,12.8,225.92
Mandi,10.0,721,3,2,39,24.8,98.94
Mandi,9.4,3222,3,3,28,19.2,223.29
Palampur,4.5,3785,5,5,4,7.0,260.67
Solan,5.2,2202,4,3,29,6.1,159.53
Chamba,6.2,3534,1,1,10,4.4,209.39
Palampur,8.9,3149,1,1,32,20.3,170.42
Mandi,8.6,1249,2,1,21,8.0,137.27
Bilaspur,3.9,3489,1,1,7,17.1,165.58
Palampur,3.9,2947,4,4,33,13.7,160.71
Bilaspur,5.9,544,3,3,39,20.7,24.27
Mandi,9.1,2488,1,1,20,18.9,153.87
Mandi,9.2,2790,3,2,32,2.1,237.23
Kullu,3.8,3304,5,4,2,8.8,217.84
Chamba,7.0,3199,5,4,10,13.2,234.48
Mandi,4.1,2164,5,5,5,20.2,155.76
Palampur,7.8,1546,5,5,11,18.0,158.5
Bilaspur,9.4,1171,4,4,15,14.0,178.07
Palampur,6.2,811,5,5,17,20.3,90.42
Chamba,3.6,2739,5,4,12,11.2,183.51
Mandi,7.1,3859,4,3,21,1.9,266.4
Dharamshala,5.9,780,3,3,8,21.8,84.83
Chamba,8.7,2959,5,4,13,13.4,242.47
Bilaspur,5.4,2546,3,3,33,20.3,132.1
Solan,9.1,1101,1,1,22,10.1,137.97
Chamba,4.9,1244,1,1,1,14.9,83.16
Kullu,4.1,1495,3,3,13,8.6,110.05
Shimla,5.1,2897,1,1,33,10.5,139.32
Mandi,3.2,1545,1,1,7,4.1,120.48
Chamba,5.0,3398,2,2,36,18.7,153.22
Solan,7.6,1794,3,2,11,7.4,189.62
Dharamshala,4.0,883,3,2,25,7.9,71.94
Kullu,3.8,834,3,2,19,9.2,87.35
Dharamshala,3.9,1900,3,3,25,11.1,120.16
Mandi,3.5,1927,5,4,31,14.6,123.69
Dharamshala,9.1,3067,2,2,5,17.2,208.93
Dharamshala,9.6,2175,3,3,14,17.1,175.34
Chamba,3.3,1072,4,3,22,10.9,95.41
Chamba,8.3,1246,2,1,10,12.3,149.07
Bilaspur,8.2,2482,1,1,15,3.9,225.68
Palampur,10.0,1669,1,1,35,13.3,120.18
Shimla,5.4,2851,2,2,9,22.0,162.42
Bilaspur,5.0,3730,2,2,7,11.8,204.72
Kullu,6.2,1741,1,1,23,23.5,76.51
Mandi,9.0,2431,2,2,3,4.3,222.18
Kullu,8.1,3411,4,4,0,18.6,260.5
Mandi,6.3,1236,5,4,34,17.8,100.91
Bilaspur,4.7,2287,3,3,11,17.2,144.06
Dharamshala,8.1,1568,1,1,4,16.7,146.93
Mandi,9.0,2694,4,4,26,1.0,259.87
Dharamshala,5.8,3100,1,1,19,18.7,165.5
Solan,7.7,993,1,1,18,12.7,105.5
Chamba,5.8,1156,3,2,17,13.3,102.63
Solan,6.3,581,3,2,5,1.7,117.51
Palampur,6.7,542,2,2,34,5.1,86.13
Palampur,8.4,677,5,4,0,22.8,122.21
Palampur,9.8,2973,1,1,19,8.2,225.05
Palampur,6.1,3663,1,1,10,10.2,202.67
Palampur,5.4,1933,3,3,25,5.1,148.06
Shimla,5.6,3589,3,2,21,16.0,188.16
Bilaspur,3.9,3053,5,4,15,18.6,176.1
Palampur,5.1,3326,1,1,21,23.1,138.53
Kullu,3.6,3089,3,2,9,14.3,161.86
Chamba,6.0,1198,1,1,5,7.3,114.57
Chamba,4.2,2331,1,1,36,2.2,93.55
Shimla,5.4,2339,3,2,24,7.0,137.93
Palampur,8.6,2745,4,3,26,15.6,215.89
Shimla,4.7,3286,1,1,39,24.4,119.02
Dharamshala,7.3,894,5,4,36,2.4,130.03
Chamba,9.3,2861,3,3,23,10.0,239.73
Solan,7.0,3415,3,2,31,16.8,189.26
Shimla,4.4,904,5,4,21,14.6,85.84
Dharamshala,5.4,1952,2,2,9,16.5,119.39
Kullu,7.1,3634,2,2,24,11.8,242.07
Shimla,6.5,585,4,4,36,7.0,99.45
Chamba,4.0,1062,1,1,35,12.3,43.35
Chamba,6.1,3313,5,4,20,9.8,239.34
Shimla,6.8,1101,5,5,37,17.9,87.04
Dharamshala,4.9,2956,5,4,7,4.7,222.18
Mandi,7.3,3653,3,3,1,12.7,263.13
Kullu,3.5,2244,4,4,16,24.0,118.13
Shimla,5.4,2196,5,4,8,13.5,206.24
Shimla,8.6,2000,1,1,38,6.3,142.49
Mandi,4.8,1805,2,1,4,23.4,111.92
Solan,7.2,1830,3,3,21,6.5,176.37
Dharamshala,5.9,2437,4,4,30,18.9,153.71
Bilaspur,5.2,3634,4,3,4,3.2,262.06
Shimla,9.4,3934,5,4,1,21.4,292.03
Chamba,5.4,3530,3,3,22,4.9,200.5
Mandi,4.7,918,1,1,36,10.2,50.84
Solan,9.4,1573,1,1,0,24.2,145.07
Mandi,8.2,3149,5,4,0,14.7,269.32
Mandi,7.8,2409,3,2,37,7.0,177.96
Palampur,3.3,1670,4,3,24,0.5,142.84
Mandi,3.9,1589,3,2,28,0.7,107.5
Solan,7.5,909,5,4,11,7.2,175.87
Chamba,4.5,1663,2,1,12,13.4,92.96
Dharamshala,4.6,1976,1,1,18,12.4,106.51
Shimla,8.5,1955,4,3,8,23.1,180.22
Palampur,5.0,2420,3,3,17,19.2,135.86
Dharamshala,3.5,1455,5,4,38,23.2,77.3
Kullu,3.3,1220,1,1,29,13.0,40.59
Mandi,6.1,3606,2,1,34,11.4,193.27
Bilaspur,7.3,1918,5,5,19,14.4,177.72
Solan,9.1,1391,5,5,31,9.6,168.69
Chamba,3.8,2724,1,1,16,5.7,176.48
Mandi,4.4,2398,5,4,24,21.0,131.93
Shimla,6.7,2517,1,1,29,17.2,106.77
Shimla,5.5,1275,1,1,32,8.5,70.98
Mandi,6.4,3031,5,5,37,11.4,207.85
Palampur,9.5,1173,1,1,4,6.0,156.06
Kullu,6.8,3427,2,1,31,14.3,201.05
Mandi,5.9,1984,1,1,28,9.3,131.68
Kullu,9.9,1931,3,2,29,22.0,151.37
Dharamshala,3.5,1859,1,1,0,13.4,86.65
Bilaspur,9.5,1980,2,2,19,10.6,166.42
Palampur,6.5,2828,2,1,38,18.9,139.6
Mandi,6.5,2238,4,3,36,22.7,112.13
Dharamshala,9.5,943,3,2,9,20.5,126.97
Solan,6.6,2482,1,1,19,12.6,170.07
Kullu,6.1,1434,3,2,34,9.2,115.28
Shimla,4.9,879,3,2,37,16.7,51.79
Chamba,7.6,3439,2,1,13,20.5,192.02
Bilaspur,7.0,1594,3,3,32,24.5,102.36
Chamba,4.5,2582,2,1,33,11.7,123.88
Kullu,8.0,1101,2,2,6,16.9,126.94
Kullu,7.5,1687,4,4,1,7.7,203.83
Chamba,5.8,1850,2,1,1,2.6,176.55
Bilaspur,3.0,968,2,1,5,6.7,80.2
Kullu,6.1,3906,1,1,29,0.9,233.14
Bilaspur,3.0,1590,4,4,15,13.0,103.01
Bilaspur,3.5,2539,4,4,27,9.6,166.07
Solan,6.0,2479,4,3,3,17.1,174.28
Dharamshala,3.6,2002,1,1,24,15.6,80.52
Shimla,4.9,2549,3,2,29,4.6,177.86
Bilaspur,7.6,2480,2,2,39,17.0,139.02
Kullu,5.2,780,4,3,12,5.1,100.48
Bilaspur,10.0,2841,2,1,21,0.6,238.44
Shimla,9.4,899,3,2,19,24.3,125.17
Chamba,7.1,2022,3,3,13,1.2,167.88
Palampur,9.8,1776,4,3,25,8.9,194.78
Bilaspur,9.1,2066,4,4,22,16.1,181.33
Solan,5.2,751,5,4,33,9.6,91.8
Dharamshala,8.2,2954,3,2,1,9.8,235.51
Kullu,4.0,1964,5,4,8,18.2,153.25
Kullu,7.8,713,5,4,23,15.3,121.84
Solan,6.4,512,3,2,22,13.2,89.41
Dharamshala,3.1,2390,4,4,36,22.2,117.5
Dharamshala,4.9,2831,5,4,26,3.1,206.82
Chamba,9.7,2415,5,4,0,12.0,249.16
Shimla,5.2,3021,2,1,19,6.4,187.25
Chamba,4.3,3148,4,4,33,1.4,208.58
Dharamshala,4.3,3551,3,2,34,24.5,135.81
Chamba,6.4,3939,1,1,32,18.5,191.14
Bilaspur,8.9,3596,2,2,19,5.8,255.34
Mandi,8.3,3285,5,4,4,10.4,270.06
Mandi,6.1,2008,5,5,8,6.0,192.67
Chamba,4.5,2263,4,4,33,17.3,120.24
Chamba,3.3,2656,5,4,13,9.1,194.96
Bilaspur,6.2,1093,3,3,30,23.0,69.32
Dharamshala,8.7,2871,4,3,1,5.6,277.34
Kullu,8.1,2558,1,1,19,9.1,184.05
Palampur,5.9,2320,2,2,38,23.3,90.22
Mandi,7.2,3420,1,1,9,22.2,193.63
Solan,6.1,2905,5,5,1,7.7,230.86
Chamba,7.1,3763,4,3,11,12.3,265.43
Palampur,6.6,3917,5,5,2,22.2,259.71
Chamba,7.8,3388,3,2,24,16.9,223.05
Chamba,6.6,1542,3,2,7,16.1,153.06
Mandi,9.6,1161,4,4,9,16.7,146.31
Kullu,6.0,1547,3,2,23,23.1,89.65
Dharamshala,3.1,2994,2,1,13,13.2,132.76
Kullu,4.7,3525,2,1,26,5.0,220.82
Kullu,6.5,3580,3,3,37,12.1,201.29
Shimla,6.8,2893,1,1,37,18.4,124.98
Kullu,6.9,2883,1,1,29,12.6,190.54
Bilaspur,8.0,3831,1,1,38,8.2,211.02
Shimla,4.9,2900,1,1,29,16.8,111.3
Shimla,7.7,993,1,1,2,11.5,106.53
Shimla,7.9,2250,1,1,38,24.1,112.54
Bilaspur,5.9,1755,1,1,22,9.1,117.19
Bilaspur,5.8,2729,5,5,0,18.1,200.74
Shimla,4.3,2725,1,1,24,14.1,121.57
Bilaspur,5.9,1530,3,2,9,2.4,156.87
Chamba,8.5,1548,1,1,21,12.0,148.85
Mandi,9.4,810,5,5,26,1.2,181.89
Chamba,7.2,1526,2,1,1,19.9,121.44
Bilaspur,5.1,3397,4,3,17,18.5,194.07
Chamba,7.8,2792,4,3,2,1.7,266.37
Mandi,8.2,3801,4,3,4,12.7,300.0
Solan,5.3,3742,4,4,8,24.1,202.5
Solan,8.8,3498,3,2,31,7.5,257.03
Chamba,3.5,1128,4,3,16,22.7,63.2
Kullu,3.1,1668,5,5,1,4.2,142.01
Kullu,3.9,701,2,2,29,0.7,46.97
Palampur,4.1,827,5,5,21,13.5,108.28
Bilaspur,9.2,1308,5,5,5,6.4,226.48
Palampur,6.0,1480,4,3,22,22.0,100.97
Dharamshala,4.9,553,5,4,9,17.0,88.14
Bilaspur,6.0,3449,1,1,25,17.3,150.53
Solan,5.8,2344,3,2,37,17.0,136.42
Dharamshala,5.1,2795,4,4,12,17.1,182.1
Chamba,4.0,2787,5,5,29,18.8,139.65
Shimla,7.6,3883,1,1,0,16.9,241.52
Palampur,4.0,1015,5,4,16,20.9,67.33
Mandi,8.4,1699,1,1,35,14.2,124.78
Chamba,4.4,1579,2,1,2,9.1,107.73
Dharamshala,8.1,2430,4,4,37,11.9,190.52
Mandi,8.6,2341,2,1,3,11.3,191.42
Kullu,3.9,3265,5,5,19,8.6,184.66
Palampur,3.6,2462,5,5,7,10.7,193.63
Shimla,9.6,1318,1,1,0,9.9,176.35
Bilaspur,6.2,2476,2,1,13,3.2,177.9
Mandi,7.4,3874,1,1,23,20.8,205.28
Bilaspur,3.2,2526,4,4,28,19.0,130.83
Dharamshala,5.0,2573,5,4,12,8.8,203.99
Bilaspur,6.5,1115,4,3,19,23.7,117.47
Kullu,9.2,527,1,1,7,23.8,88.68
Mandi,4.9,1233,1,1,29,21.5,40.64
Bilaspur,8.4,588,1,1,6,1.2,135.03
Shimla,7.6,2082,3,3,34,9.6,156.25
Mandi,3.8,3587,4,3,7,11.7,203.62
Kullu,5.1,2063,1,1,26,18.1,110.44
Chamba,4.7,2758,5,4,13,16.1,191.59
Solan,6.1,3494,2,2,39,17.1,149.86
Bilaspur,7.4,3170,3,3,11,19.3,202.76
Mandi,6.0,2777,4,3,37,23.7,154.85
Shimla,4.7,3244,3,2,33,14.0,147.11
Solan,7.9,1481,3,2,18,22.6,112.63
Palampur,7.1,1971,2,2,19,20.5,161.78
Dharamshala,6.6,1896,3,2,14,8.8,156.91
Dharamshala,6.9,3295,2,1,17,20.4,198.45
Palampur,4.6,1930,2,1,18,3.4,152.44
Bilaspur,7.8,3781,4,4,5,4.4,285.22
Dharamshala,5.7,1153,5,4,12,24.8,109.24
Palampur,5.5,1102,5,4,35,11.0,132.5
Chamba,4.0,3006,2,2,39,11.8,142.74
Solan,7.2,3174,2,2,2,23.8,224.68
Kullu,7.2,2876,1,1,29,9.4,166.66
Kullu,5.4,1577,2,1,9,6.3,152.94
Chamba,9.0,531,3,3,26,2.4,133.98
Chamba,8.9,1625,2,2,24,13.3,143.01
Bilaspur,3.8,2133,4,3,35,5.4,142.35
Palampur,7.9,1944,1,1,28,2.1,157.31
Shimla,5.8,3727,3,3,32,20.4,190.18
Shimla,10.0,3523,2,1,32,8.6,249.38
Mandi,4.6,3212,3,2,25,14.7,148.74
Solan,5.0,577,1,1,16,3.1,63.65
Solan,6.1,945,3,2,13,12.9,112.43
Bilaspur,4.9,2018,4,3,13,16.0,154.41
Bilaspur,7.8,2675,5,4,14,11.5,232.41
Kullu,6.4,2880,2,1,11,8.8,197.37
Dharamshala,4.5,1536,3,3,12,8.1,132.12
Mandi,6.5,886,4,3,22,3.2,141.8
Kullu,9.2,1648,3,3,10,3.3,184.86
Chamba,8.5,3272,3,2,13,12.6,231.85
Mandi,6.5,3952,2,1,28,3.9,235.18
Dharamshala,5.0,3796,5,4,13,6.0,261.07
Bilaspur,4.3,2576,4,4,4,4.5,175.45
Bilaspur,9.1,818,5,4,0,20.2,140.46
Solan,8.0,3887,4,4,30,11.5,259.27
Solan,7.0,1035,2,2,37,14.0,93.83
Solan,9.2,1439,2,1,27,14.8,126.39
Palampur,3.9,3909,1,1,2,10.2,201.04
Kullu,7.8,2263,4,4,22,7.8,207.64
Mandi,4.5,1192,4,3,10,9.9,113.93
Palampur,3.8,2257,2,1,12,13.6,133.26
Solan,6.3,776,1,1,36,9.3,58.87
Dharamshala,5.7,1604,5,4,32,3.8,139.26
Chamba,9.6,3832,2,2,29,22.9,244.12
Kullu,5.3,1544,3,3,20,18.4,119.61
Dharamshala,8.7,3624,1,1,23,2.1,237.88
Solan,8.2,2400,1,1,36,22.7,131.34
Shimla,7.7,2795,5,4,26,4.7,230.84
Chamba,9.4,2960,4,4,23,2.9,269.46
Chamba,5.9,2430,1,1,3,4.7,167.53
Chamba,5.7,620,1,1,39,23.4,22.04
Dharamshala,4.1,3717,3,2,32,5.9,214.03
Shimla,4.9,2162,4,3,14,19.8,127.78
Dharamshala,9.2,2794,3,2,10,16.3,220.45
Bilaspur,6.3,2438,5,4,38,13.2,183.74
Solan,5.4,2804,4,3,38,9.5,159.31
Chamba,4.5,1741,4,4,16,2.8,148.28
Bilaspur,6.4,3452,2,2,9,17.9,213.01
Chamba,8.0,1285,4,4,31,10.2,142.34
Kullu,5.0,2786,5,4,25,13.6,163.69
Mandi,8.3,2522,1,1,36,1.8,177.51
Chamba,7.4,2262,4,3,21,19.5,187.6
Solan,8.5,576,5,5,22,17.5,148.22
Chamba,4.8,1864,3,3,5,13.5,133.28
Mandi,7.4,666,4,3,24,12.7,96.2
Dharamshala,4.1,2260,2,2,14,8.8,133.76
Mandi,5.5,2907,1,1,8,8.9,201.17
Palampur,8.1,2328,5,5,31,2.2,232.91
Bilaspur,7.4,3149,2,1,13,17.3,213.98
Kullu,4.3,1762,4,3,8,1.6,174.39
Dharamshala,9.0,1571,2,2,38,0.5,143.91
Palampur,3.4,2068,2,2,38,1.3,101.68
Chamba,7.2,1301,4,3,19,5.5,147.04
Bilaspur,9.9,3306,2,2,11,14.5,239.86
Chamba,6.7,3334,5,4,6,17.2,232.13
Solan,8.6,1957,1,1,25,10.8,144.18
Solan,7.2,3273,1,1,24,10.5,202.82
Shimla,8.5,589,1,1,24,14.6,82.15
Palampur,7.6,1041,2,2,30,15.1,108.95
Dharamshala,7.8,1490,1,1,18,21.2,107.11
Mandi,4.6,1857,2,2,27,20.6,77.57
Dharamshala,8.2,1311,1,1,26,20.7,95.45
Bilaspur,4.7,2292,4,3,31,21.2,102.54
Kullu,9.9,3277,1,1,29,22.1,167.79
Mandi,4.6,2096,5,5,1,14.1,183.71
Chamba,4.7,2072,5,4,24,15.1,156.73
Shimla,9.0,709,4,3,39,18.3,99.78
Chamba,4.7,1481,4,4,22,5.4,129.73
Bilaspur,5.5,3325,4,3,21,9.3,199.03
Bilaspur,8.0,3337,5,5,24,22.9,241.1
Dharamshala,4.1,864,3,2,22,13.3,71.2
Mandi,4.1,567,4,3,16,1.8,100.47
Mandi,6.4,3408,3,2,39,10.4,195.28
Dharamshala,4.7,1109,4,3,2,4.4,132.35
Bilaspur,4.6,2510,2,2,32,9.2,122.43
Chamba,3.1,3394,1,1,6,13.9,166.39
Dharamshala,5.6,3255,5,4,8,12.9,224.74
Shimla,5.2,2427,4,4,24,12.5,159.38
Mandi,3.2,1818,4,4,25,0.9,159.25
Solan,7.3,3207,2,1,37,11.4,184.42
Solan,7.4,2931,4,4,11,1.2,224.4
Palampur,3.5,3433,3,2,1,10.4,197.04
Chamba,5.2,2298,1,1,10,16.4,117.07
Kullu,9.1,3796,5,5,21,3.6,306.97
Solan,7.1,3194,5,5,14,23.0,203.54
Kullu,5.9,721,5,4,10,15.9,116.88
Solan,6.3,1528,3,2,36,5.8,119.87
Shimla,4.5,3297,2,2,22,10.2,173.0
Shimla,8.7,906,1,1,26,2.9,123.7
Solan,9.4,2980,4,4,29,1.0,259.78
Kullu,9.4,1692,5,4,16,22.9,173.05
Palampur,4.6,1224,1,1,29,17.0,48.59
Mandi,5.2,2389,4,4,38,19.6,130.78
Mandi,4.1,3760,1,1,28,15.7,167.61
Dharamshala,5.2,3641,4,4,11,22.7,212.55
Solan,5.3,1914,1,1,31,22.5,89.4
Mandi,7.4,512,5,5,9,1.9,151.01
Chamba,4.3,3606,1,1,2,5.1,214.8
Shimla,9.4,3640,3,2,17,10.2,295.79
Bilaspur,3.7,2617,4,4,20,8.9,167.2
Mandi,3.0,2699,5,5,18,13.4,166.81
Chamba,9.0,2343,2,1,10,7.0,191.17
Palampur,7.9,543,5,5,10,20.0,113.68
Chamba,5.5,1058,1,1,36,0.7,83.12
Mandi,7.2,1001,3,3,11,19.9,115.98
Bilaspur,4.6,3700,5,5,31,10.1,232.16
Kullu,4.2,674,2,1,10,0.6,92.27
Kullu,6.3,2448,3,3,4,21.3,178.02
Solan,5.5,1769,3,3,2,11.4,141.19
Dharamshala,7.3,521,2,1,9,18.3,84.92
Kullu,4.5,3717,4,4,33,22.0,182.53
Chamba,7.6,563,3,3,18,1.3,131.24
Mandi,8.4,3495,4,3,27,6.9,252.16
Dharamshala,4.2,3221,3,2,38,3.4,166.29
Solan,3.3,3277,5,5,1,2.9,224.71
Mandi,6.1,1066,3,3,4,23.7,102.11
Mandi,8.4,3583,4,3,36,20.2,225.95
Palampur,7.6,2595,4,3,22,9.4,204.6
Bilaspur,7.9,1906,5,5,24,17.3,174.2
Kullu,5.8,2883,5,4,13,23.0,179.49
Solan,4.6,1695,2,1,33,5.9,107.64
Bilaspur,6.7,1477,2,1,25,0.8,138.25
Kullu,4.4,1508,2,1,10,20.7,77.66
Kullu,8.1,2492,3,2,25,18.2,182.37
Bilaspur,4.4,2603,3,3,0,4.4,203.56
Mandi,5.0,1340,1,1,9,12.5,75.22
Shimla,6.5,1359,5,4,8,4.4,176.82
Dharamshala,6.4,3812,5,4,31,15.3,223.55
Bilaspur,7.2,2302,4,3,29,16.4,166.04
Chamba,6.1,3510,2,1,3,7.3,193.24
Chamba,9.4,1655,5,5,36,19.6,164.96
Chamba,8.9,1508,2,1,32,12.1,140.17
Palampur,9.2,1489,2,2,17,17.8,140.44
Mandi,7.4,2350,5,4,8,16.2,190.51
Shimla,7.4,3226,5,5,16,11.5,273.4
Shimla,7.3,2252,3,2,23,7.7,191.8
Chamba,6.0,1532,1,1,25,5.5,106.42
Mandi,5.3,3860,1,1,13,18.8,188.63
Chamba,7.1,2503,5,4,4,16.2,188.4
Bilaspur,3.2,1879,2,1,24,7.4,105.22
Mandi,3.1,533,4,4,28,24.2,8.0
Solan,9.0,2467,2,1,10,20.4,189.09
Kullu,3.3,2673,3,3,25,3.6,172.42
Chamba,6.7,3750,5,4,22,4.5,269.76
Mandi,7.3,1307,3,3,20,13.8,115.9
Solan,4.4,1069,3,3,0,3.0,144.99
Dharamshala,9.3,3997,3,2,12,24.1,254.86
Bilaspur,4.3,2426,2,2,14,16.1,133.46
Dharamshala,9.2,594,3,3,33,2.1,120.82
Mandi,8.3,869,3,2,33,11.4,110.5
Mandi,4.7,2163,1,1,34,5.9,112.33
Kullu,4.1,2661,3,3,18,12.5,140.45
Shimla,5.2,1352,4,4,13,6.6,157.84
Kullu,5.8,1779,1,1,19,20.9,113.79
Bilaspur,4.7,3076,5,4,31,18.2,187.08
Chamba,10.0,3886,5,5,24,22.7,286.69
Bilaspur,4.6,2218,4,3,24,5.3,181.6
Chamba,8.8,1953,1,1,17,9.9,151.45
Chamba,4.1,1763,3,3,27,20.2,75.66
Palampur,9.9,976,5,4,34,9.7,154.04
Shimla,4.6,684,1,1,26,9.8,50.41
Shimla,6.0,3418,4,3,16,24.7,191.89
Chamba,6.9,629,5,4,33,19.4,73.95
Solan,3.8,3373,1,1,37,21.6,119.07
Bilaspur,8.7,1365,2,1,31,10.5,126.44
Kullu,4.9,2932,4,3,35,14.9,172.07
Palampur,6.8,3830,5,5,10,11.5,277.03
Kullu,6.8,3120,4,4,16,11.5,203.1
Shimla,7.2,3053,3,2,9,3.6,242.23
Shimla,3.4,1426,4,4,14,21.1,108.02
Bilaspur,4.2,2593,3,3,29,10.1,148.3
Chamba,4.1,2747,3,3,27,14.8,156.92
Chamba,5.1,1988,4,4,0,21.5,143.15
Shimla,4.0,633,1,1,30,19.5,17.42
Kullu,9.5,3693,2,1,7,5.4,271.13
Shimla,6.6,1189,1,1,7,15.7,97.94
Dharamshala,7.4,3907,4,4,21,12.6,257.67
Mandi,5.5,3762,4,4,9,6.9,263.24
Dharamshala,4.9,566,1,1,38,1.5,41.13
Kullu,6.5,3087,1,1,5,15.9,169.27
Shimla,5.1,2719,2,2,6,19.6,161.52
Palampur,5.4,1307,2,1,30,23.6,61.53
Palampur,6.2,3344,3,3,11,9.2,228.97
Bilaspur,6.5,889,3,3,28,10.3,110.71
Bilaspur,9.9,1370,2,1,27,4.5,157.97
Kullu,4.6,3821,1,1,7,24.6,178.24
Palampur,6.4,3099,4,3,23,21.3,181.77
Dharamshala,4.0,892,4,3,21,24.0,50.74
Mandi,5.4,1004,4,3,3,12.6,125.78
Solan,8.0,1399,5,4,30,5.6,196.27
Mandi,4.2,746,5,4,34,14.5,78.13
Chamba,7.1,1139,5,4,37,9.6,136.26
Bilaspur,5.9,2501,4,4,3,9.0,216.63
Chamba,3.4,526,1,1,7,2.5,34.85
Solan,9.5,1506,2,1,33,2.3,164.01
Dharamshala,5.9,1599,3,2,12,9.8,149.94
Dharamshala,8.5,3898,4,3,25,23.2,241.56
Shimla,5.9,3909,5,4,13,18.2,246.03
Mandi,9.6,3459,4,4,8,19.1,254.85
Mandi,5.0,1696,2,2,24,6.2,114.46
Palampur,5.9,2345,4,3,8,18.5,158.97
Mandi,8.3,2265,4,3,5,10.5,227.87
Shimla,5.4,3510,4,3,21,2.0,257.07
Shimla,5.6,3110,3,2,7,10.2,231.21
Dharamshala,10.0,3673,4,3,7,3.7,302.88
Kullu,6.9,2428,2,2,31,21.4,124.72
Palampur,7.8,3717,2,2,21,21.1,204.24
Shimla,7.5,3102,2,2,21,7.5,201.02
Palampur,8.8,3085,2,2,5,15.5,215.25
Chamba,9.0,2815,4,4,6,9.4,248.27
Bilaspur,6.9,1674,2,1,15,4.3,162.23
Mandi,5.1,2629,1,1,15,16.4,128.67
Bilaspur,3.2,1748,1,1,18,19.1,77.97
Kullu,7.3,2773,5,5,5,19.5,238.44
Chamba,8.8,1391,3,3,35,4.2,159.46
Bilaspur,6.2,3297,3,3,14,13.1,227.98
Dharamshala,4.2,2499,5,4,32,1.1,164.79
Mandi,5.0,2985,1,1,16,2.7,175.82
Kullu,6.6,1276,5,4,18,2.5,169.34
Solan,8.9,3271,4,3,4,1.9,291.9
Shimla,4.2,3309,4,3,27,8.7,210.75
Dharamshala,7.3,1009,3,2,2,9.3,129.43
Solan,8.3,1725,4,3,29,17.6,142.4
Mandi,9.6,2871,2,2,35,8.6,209.1
Chamba,3.8,3557,2,2,14,3.9,199.07
Chamba,9.5,3079,5,4,35,23.7,203.03
Bilaspur,7.2,2150,2,2,27,21.9,121.36
Chamba,8.4,1549,4,4,0,3.5,207.51
Shimla,3.4,3684,5,4,8,9.4,249.53
Kullu,6.5,3561,3,3,25,4.6,223.92
Shimla,7.4,3638,2,1,28,24.0,196.29
Bilaspur,5.1,1566,5,4,3,9.2,178.48
Solan,6.0,2027,5,4,27,2.9,176.69
Shimla,6.9,1353,3,2,32,18.3,101.51
Bilaspur,6.9,3840,1,1,3,17.9,230.04
Solan,3.3,3534,3,2,35,6.4,182.34
Dharamshala,6.1,1106,3,3,21,8.4,117.54
Shimla,4.5,1364,1,1,24,10.7,68.22
Shimla,9.4,2432,3,3,2,7.1,247.66
Kullu,9.8,1954,1,1,24,7.6,169.16
Chamba,5.1,2109,4,4,18,20.1,138.42
Solan,4.2,1787,3,2,14,18.9,106.05
Bilaspur,4.5,2858,4,4,31,17.5,166.53
Palampur,6.3,3643,3,2,9,17.3,244.98
Palampur,9.1,3710,4,4,2,13.3,282.51
Bilaspur,6.5,2093,4,4,19,9.1,178.99
Palampur,3.4,3397,1,1,29,18.2,114.09
Shimla,3.3,2930,3,3,5,3.4,211.91
Palampur,4.6,1189,4,3,39,4.0,101.13
Solan,8.9,3279,3,2,26,3.6,245.88
Palampur,7.4,1726,2,2,37,18.5,107.85
Shimla,6.9,2697,5,4,18,15.0,207.1
Shimla,5.2,3022,1,1,4,11.5,170.76
Solan,9.5,3802,5,5,7,12.2,323.59
Kullu,5.3,3819,4,3,20,20.8,217.35
Palampur,8.8,3308,2,2,23,3.5,254.52
Mandi,9.3,2270,1,1,29,9.9,162.92
Shimla,6.4,1900,5,5,31,19.1,135.46
Kullu,9.3,2044,3,3,30,16.6,167.04
Shimla,4.9,3827,5,5,23,11.2,249.55
Mandi,7.6,1217,5,5,0,6.0,198.19
Chamba,3.6,2336,1,1,21,23.7,73.38
Solan,6.3,2878,4,4,32,10.5,201.77
Mandi,4.5,579,2,1,33,22.0,8.0
Dharamshala,3.4,2722,5,4,33,19.6,129.97
Kullu,3.0,1410,2,2,0,21.6,75.66
Dharamshala,5.3,1482,1,1,17,0.9,107.46
Kullu,7.1,2676,4,4,24,12.2,187.6
Chamba,6.2,531,3,2,9,6.9,123.15
Chamba,5.1,1048,3,3,16,7.2,126.6
Dharamshala,9.9,2092,2,1,3,7.1,240.79
Bilaspur,9.6,2544,3,2,7,10.0,236.39
Palampur,3.9,881,5,5,0,10.6,129.8
Mandi,5.9,1765,4,4,39,16.0,116.67
Chamba,7.5,1576,5,5,34,7.9,161.14
Palampur,8.1,2370,2,2,16,7.2,204.15
Chamba,5.6,1552,5,5,0,9.3,191.99
Palampur,8.2,506,2,1,13,17.3,96.52
Chamba,3.9,2355,5,5,17,0.5,182.85
Solan,5.3,3469,5,4,6,18.8,230.56
Kullu,8.0,2546,1,1,26,8.8,164.49
Chamba,7.4,1766,5,5,39,14.6,147.9
Chamba,8.9,2188,4,4,33,19.2,192.43
Dharamshala,3.3,990,4,3,34,13.0,46.46
Bilaspur,4.2,1328,3,3,33,16.4,98.16
Solan,3.3,2032,2,2,2,23.0,106.53
Solan,4.3,2573,5,5,22,1.2,194.83
Solan,3.0,2201,1,1,22,9.1,102.73
Kullu,6.5,3870,5,5,4,23.2,246.17
Bilaspur,6.7,2730,2,2,5,21.0,166.89
Bilaspur,7.6,580,4,3,22,15.6,102.1
Dharamshala,5.7,2335,3,2,28,6.1,156.7
Solan,3.0,2539,2,2,8,8.6,134.48
Solan,7.7,652,2,1,19,21.5,68.73
Kullu,3.4,1847,2,1,3,17.6,84.36
Bilaspur,9.1,3550,5,4,4,7.5,288.04
Bilaspur,3.2,1749,4,4,23,3.7,115.91
Kullu,6.7,2097,4,3,22,19.6,169.54
Bilaspur,9.3,1274,4,4,30,14.6,155.22
Mandi,7.0,769,3,3,36,24.1,66.73
Solan,7.3,1613,5,5,7,10.5,188.47
Mandi,7.8,3204,2,1,13,9.1,228.63
Palampur,3.9,3941,5,4,34,7.6,239.38
Kullu,7.7,2810,2,2,2,12.3,217.25
Shimla,9.2,3408,2,1,33,8.4,247.82
Shimla,9.8,2773,3,3,37,2.3,231.95
Palampur,6.1,2805,4,3,3,8.1,228.68
Bilaspur,5.4,1994,4,3,5,5.9,187.91
Mandi,8.3,714,4,3,27,20.5,87.7
Chamba,6.8,1936,1,1,19,6.3,145.84
Dharamshala,4.8,3527,1,1,39,11.7,136.41
Kullu,4.2,2377,5,4,21,17.0,149.61
Mandi,4.2,3166,5,4,26,4.2,207.26
Kullu,6.2,677,1,1,9,13.5,71.85
Solan,4.2,1204,5,5,12,21.3,97.5
Bilaspur,3.1,1546,2,1,7,14.8,91.17
Mandi,3.4,1757,5,5,5,12.3,135.45
Palampur,9.5,3957,5,4,4,21.1,317.45
Bilaspur,3.5,2116,4,3,35,23.7,95.02
Palampur,3.5,2817,1,1,2,20.6,121.55
Mandi,6.2,2755,4,3,20,10.5,203.99
Chamba,4.7,1966,1,1,20,15.5,111.16
Shimla,9.7,3882,2,1,2,13.4,282.5
Solan,9.4,1278,4,4,33,7.9,151.77
Solan,5.8,620,1,1,20,11.2,88.59
Kullu,6.1,3108,2,1,5,20.8,187.39
Dharamshala,5.6,2788,4,4,5,7.9,202.02
Dharamshala,3.3,1411,1,1,28,22.3,35.51
Dharamshala,5.0,3537,2,1,24,24.8,153.08
Shimla,3.9,1068,1,1,16,8.0,70.94
Bilaspur,3.7,1378,4,3,16,3.5,110.44
Solan,6.9,1040,1,1,1,24.0,85.95
Chamba,3.7,1151,2,2,1,4.7,98.31
Chamba,3.7,3052,3,3,21,19.4,145.83
Palampur,6.4,2962,2,1,14,1.5,215.89
Solan,6.1,2749,2,2,10,6.3,189.7
Dharamshala,4.0,3512,5,4,15,6.9,226.18
Solan,3.0,744,4,4,24,7.8,82.98
Chamba,4.4,2671,1,1,11,23.0,109.33
Mandi,4.7,902,5,4,13,4.8,119.87
Chamba,8.6,3844,3,3,11,4.8,273.98
Palampur,9.4,2718,1,1,26,17.4,168.62
Palampur,5.8,3159,5,5,2,23.8,216.36
Kullu,5.8,2498,2,2,36,10.0,151.08
Chamba,8.0,1842,2,1,22,19.4,120.4
Bilaspur,7.4,2900,1,1,9,1.3,225.73
Chamba,4.3,3425,5,4,30,20.7,182.38
Kullu,3.8,1123,2,2,37,18.2,20.98
Palampur,6.1,3551,3,2,2,22.5,213.14
Dharamshala,7.0,3043,2,2,8,16.1,213.44
Kullu,4.0,800,5,5,5,23.6,61.51
Mandi,5.1,3776,4,3,2,10.1,273.75
Bilaspur,5.1,1130,3,2,29,18.4,62.5
Bilaspur,4.8,2603,2,1,7,18.3,125.16
Chamba,6.2,953,4,4,15,7.1,134.12
Bilaspur,7.6,1186,3,2,32,23.1,98.21
Dharamshala,6.6,2750,5,5,24,19.6,188.1
Chamba,4.4,2878,4,3,27,21.7,150.44
Palampur,3.7,2904,1,1,3,9.4,187.6
Solan,8.8,1700,5,4,38,21.1,150.24
Kullu,6.4,3370,1,1,3,8.2,254.08
Palampur,3.4,672,2,2,28,24.1,23.99
Chamba,4.8,3490,3,2,25,1.1,217.24
Solan,8.6,1558,2,1,16,15.7,143.1
Shimla,8.3,2672,5,4,33,3.2,228.35
Shimla,9.1,3669,5,4,35,18.1,253.17
Dharamshala,7.2,1394,1,1,2,9.4,144.05
Palampur,6.0,1938,2,1,38,21.8,82.42
Chamba,6.0,3399,2,1,9,21.9,168.13
Bilaspur,4.4,3526,4,4,31,9.5,219.38
Kullu,7.6,1323,3,2,32,20.3,112.53
Solan,7.1,2280,4,4,22,17.2,155.03
Shimla,4.1,1666,1,1,34,11.0,75.52
Solan,9.2,2309,3,3,33,8.9,205.86
Dharamshala,5.6,1827,2,1,20,5.7,145.39
Bilaspur,3.3,518,2,1,7,2.0,62.28
Bilaspur,5.3,3735,4,3,17,13.2,238.4
Bilaspur,9.1,2729,1,1,36,13.7,173.08
Kullu,9.4,2115,1,1,8,11.4,189.62
Solan,6.4,877,3,3,39,23.8,43.59
Mandi,9.7,749,4,3,7,0.8,133.48
Shimla,9.1,2175,3,2,26,21.3,152.16
Palampur,8.8,2771,1,1,25,20.1,175.0
Chamba,9.0,1411,4,3,7,19.1,161.4
Dharamshala,5.7,3105,2,1,18,13.4,185.31
Bilaspur,8.3,1873,4,3,5,5.2,223.7
Chamba,7.0,538,2,2,14,21.6,63.16
Kullu,8.0,2379,5,5,38,18.7,173.1
Palampur,4.2,1133,2,2,2,20.9,48.87
Mandi,8.1,550,5,4,34,6.3,107.49
Mandi,9.7,955,2,1,27,14.1,101.17
Kullu,5.1,1496,4,3,29,10.7,122.69
Dharamshala,9.9,2302,3,3,11,16.2,205.18
Chamba,5.6,3963,1,1,37,18.9,166.95
Palampur,4.4,1264,1,1,10,4.8,91.86
Palampur,3.8,700,3,2,20,4.8,66.71
Bilaspur,8.5,1169,1,1,1,1.6,172.91
Mandi,6.9,1617,4,3,35,4.4,152.07
Chamba,5.1,1218,1,1,28,6.4,94.39
Chamba,7.3,1624,3,3,6,2.3,158.47
Palampur,5.3,3891,2,2,26,9.2,219.33
Kullu,6.1,1827,1,1,7,17.0,114.81
Solan,9.0,2721,2,2,17,19.9,186.6
Solan,7.7,2896,3,3,20,9.0,232.25
Solan,8.3,955,2,2,37,2.6,115.22
Chamba,7.1,1367,2,1,13,19.1,114.39
Palampur,9.9,1955,2,2,0,10.1,195.33
Kullu,4.7,2110,2,1,17,6.7,137.67
Mandi,4.8,546,3,2,37,12.0,26.78
Shimla,3.6,2757,5,4,31,24.3,132.59
Solan,6.9,1552,3,3,2,9.6,168.98
Shimla,7.3,1628,3,2,2,24.0,148.74
Shimla,8.1,2610,4,3,30,6.7,200.43
Shimla,5.3,3820,3,3,28,3.1,227.22
Dharamshala,3.1,3527,5,4,22,4.4,209.87
Bilaspur,7.4,3928,3,3,3,19.5,250.36
Mandi,10.0,1947,2,1,11,13.7,172.44
Solan,5.1,918,3,2,33,14.8,38.28
Dharamshala,4.3,1255,4,3,5,24.2,78.4
Chamba,5.0,1703,2,2,8,12.9,121.58
Dharamshala,6.0,1550,2,2,18,3.4,136.35
Dharamshala,4.8,1227,3,3,29,18.1,81.91
Kullu,5.4,1028,5,4,33,5.6,127.99
Bilaspur,7.5,1153,2,1,23,14.7,97.38
Palampur,5.4,2803,3,2,19,21.4,133.79
Bilaspur,5.8,2218,4,4,15,12.2,177.69
Bilaspur,3.3,631,4,4,1,8.2,95.92
Bilaspur,9.4,2473,1,1,10,14.6,188.4
Mandi,5.8,3448,2,1,8,3.6,242.33
Chamba,5.3,1989,5,5,2,8.0,197.91
Palampur,3.6,1615,5,4,29,12.9,111.78
Mandi,7.4,1453,4,3,14,6.7,169.34
Bilaspur,9.0,1827,1,1,20,1.5,186.96
Shimla,3.3,1475,3,3,8,14.8,90.86
Chamba,4.0,3734,1,1,23,10.3,168.48
Shimla,4.0,3972,2,1,5,10.1,215.2
Dharamshala,7.2,1701,5,5,27,24.9,121.84
Kullu,9.4,3732,2,1,29,3.2,260.93
Bilaspur,6.1,3487,1,1,12,4.3,220.19
Shimla,5.4,765,4,4,8,22.0,87.0
Chamba,8.4,2217,4,3,31,3.7,197.62
Mandi,8.2,2797,4,4,8,23.0,230.4
Mandi,4.7,1977,5,5,7,17.0,169.85
Palampur,4.1,2099,4,4,13,13.4,145.37
Palampur,5.5,2229,4,3,38,7.3,152.83
Chamba,8.4,2910,5,4,18,9.3,263.08
Palampur,7.9,1528,2,1,10,20.7,117.94
Palampur,7.7,2589,3,3,20,1.9,206.95
Solan,8.8,1352,3,3,13,19.3,146.47
Shimla,4.9,3612,4,4,26,20.8,197.87
Solan,5.4,796,3,3,17,17.8,82.84
Dharamshala,3.3,734,3,3,23,1.8,89.12
Chamba,9.1,632,1,1,17,18.7,79.14
Dharamshala,7.1,1723,4,4,19,18.2,131.07
Kullu,5.1,2621,1,1,17,0.8,163.59
Bilaspur,3.5,3949,3,2,15,22.4,190.67
Bilaspur,8.1,2091,3,3,38,3.7,165.92
Kullu,8.2,1137,4,4,10,24.0,108.16
Palampur,7.7,1788,3,2,32,2.2,166.33
Chamba,4.4,945,1,1,28,6.3,55.23
Chamba,9.4,2151,3,3,21,17.4,161.75
Shimla,8.3,3051,2,2,12,3.9,239.62
Solan,7.6,624,2,1,19,5.0,102.24
Solan,7.6,3221,2,1,33,0.8,238.12
Shimla,9.3,1299,1,1,7,20.7,127.81
Kullu,9.5,2852,5,4,23,1.4,276.85
Bilaspur,7.2,3354,2,1,30,16.0,187.32
Solan,5.9,3216,3,3,25,14.8,182.81
Mandi,5.5,2844,5,4,5,13.0,208.73
Chamba,8.7,2928,2,1,20,9.7,224.82
Palampur,7.5,1156,5,4,7,7.8,181.35
Bilaspur,3.5,975,3,2,37,23.9,8.0
Palampur,4.0,1834,5,5,14,19.7,114.84
Shimla,9.3,2628,3,2,16,23.1,176.81
Palampur,9.2,2663,1,1,34,18.5,175.01
Chamba,9.7,3219,5,4,17,20.8,229.94
Mandi,6.0,1579,5,5,7,24.1,149.36
Mandi,8.5,3529,5,4,35,11.6,256.41
Dharamshala,8.8,2072,1,1,25,22.7,132.89
Shimla,5.2,1361,5,5,24,1.6,147.89
Chamba,4.0,3073,2,2,3,3.1,214.12
Mandi,10.0,946,5,4,17,12.5,172.48
Chamba,3.2,1918,5,4,18,11.6,116.9
Kullu,7.2,3233,1,1,10,11.2,192.59
Kullu,7.6,3198,2,1,22,13.7,179.66
Bilaspur,7.8,1397,2,1,9,13.7,149.46
Dharamshala,4.8,1082,2,2,18,21.8,77.44
Shimla,8.1,611,3,2,32,9.0,113.83
Kullu,4.5,812,3,3,29,8.2,74.06
Kullu,8.8,3388,4,3,11,17.7,232.13
Mandi,4.5,3242,4,4,8,16.4,188.72
Shimla,7.9,2270,2,1,0,20.8,157.24
Bilaspur,8.5,2495,1,1,13,8.1,192.8
Shimla,4.3,1643,4,4,0,0.7,188.57
Palampur,4.7,1172,1,1,5,23.6,77.96
Kullu,8.5,540,1,1,39,1.6,85.86
Palampur,3.6,2851,4,4,34,17.2,115.7
Chamba,4.3,623,2,2,22,8.4,46.11
Chamba,6.2,867,1,1,30,10.9,81.61
Kullu,9.5,3274,2,1,19,21.0,214.91
Solan,6.9,2539,3,3,24,10.8,177.55
Bilaspur,5.7,2213,5,4,36,4.0,170.08
Palampur,9.8,1264,5,5,3,19.0,178.47
Palampur,6.2,1024,4,4,14,1.0,136.33
Shimla,6.0,2132,5,4,4,7.2,227.84
Dharamshala,5.9,1754,3,2,31,13.7,136.74
Kullu,5.2,2369,3,2,32,11.2,130.18
Shimla,5.3,1078,5,5,28,15.7,84.15
Bilaspur,7.8,1310,2,2,24,9.8,129.64
Chamba,3.3,895,5,4,19,10.1,89.98
Solan,7.8,1985,5,4,0,9.0,225.76
Palampur,4.4,1467,2,1,30,22.2,65.01
Kullu,5.7,1282,4,4,35,0.9,119.48
Solan,4.0,2423,4,3,38,23.5,120.55
Shimla,6.9,2240,4,3,13,9.3,187.67
Chamba,8.1,1235,2,1,8,9.4,149.65
Solan,5.5,2946,5,5,26,18.3,184.74
Shimla,4.1,1702,3,3,0,10.0,149.86
Bilaspur,4.6,1694,1,1,2,15.6,77.0
Kullu,8.7,2172,1,1,32,22.6,135.82
Dharamshala,4.9,986,4,3,38,21.2,46.63
Bilaspur,8.4,1970,3,3,16,13.1,178.6
Chamba,5.3,2538,1,1,20,18.1,141.12
Mandi,4.3,950,3,3,21,10.1,74.38
Kullu,8.1,2477,3,3,5,19.5,182.79
Dharamshala,6.3,636,1,1,8,4.7,92.15
Shimla,3.2,2612,2,2,11,1.6,158.94
Bilaspur,9.7,624,3,2,33,13.7,96.07
Dharamshala,4.0,1112,4,3,17,5.8,111.28
Kullu,5.5,1725,4,3,28,18.4,116.4
Mandi,5.7,2651,1,1,7,3.0,190.65
Solan,6.4,3015,4,4,38,0.7,207.23
Palampur,8.5,2141,5,4,35,17.1,165.19
Chamba,3.0,959,1,1,19,12.8,39.39
Dharamshala,9.5,1856,5,5,9,23.8,189.94
Dharamshala,7.5,3254,1,1,39,6.6,187.64
Palampur,9.7,816,4,3,32,3.5,145.38
Chamba,8.7,3004,2,2,20,1.1,243.01
Shimla,9.5,1850,4,4,10,11.4,196.72
Dharamshala,7.2,513,5,4,24,3.0,130.72
Shimla,5.5,2931,5,4,14,19.5,189.97
Solan,6.1,593,5,5,26,2.3,125.59
Solan,7.6,1793,5,4,33,23.1,152.68
Chamba,6.0,1182,2,1,19,13.8,76.78
Palampur,8.1,2543,3,2,1,17.6,173.36
Palampur,3.6,696,4,3,22,3.7,78.68
Shimla,8.8,818,1,1,34,2.7,96.98
Bilaspur,4.4,2359,3,3,8,9.2,128.85
Kullu,9.6,3978,3,2,38,13.3,274.78
Chamba,4.1,638,5,5,14,14.6,95.65
Solan,3.9,2112,1,1,27,8.6,112.37
Bilaspur,8.7,3309,1,1,28,7.2,214.52
Palampur,8.7,1517,1,1,7,24.5,125.66
Palampur,8.2,2225,3,3,1,7.2,211.79
Mandi,9.7,3435,3,3,37,3.9,267.08
Mandi,4.9,3047,3,2,28,9.3,177.99
Shimla,8.8,1526,2,1,25,7.9,148.16
Solan,5.5,3127,2,1,12,10.8,189.14
Shimla,6.8,2865,3,3,4,15.8,223.37
Shimla,6.1,2273,1,1,10,15.3,143.3
Dharamshala,3.0,2043,4,3,21,17.6,96.0
Shimla,7.0,3738,1,1,27,4.3,228.65
Solan,8.2,3559,4,3,12,1.6,291.54
Dharamshala,4.2,3965,3,2,8,19.9,204.52
Dharamshala,9.5,2863,5,5,9,5.8,278.97
Mandi,6.7,1757,4,4,38,8.2,134.01
Palampur,4.2,883,3,2,25,11.7,68.89
Bilaspur,7.5,940,4,3,39,18.0,77.43
Dharamshala,4.3,3829,1,1,0,4.5,222.55
Shimla,3.4,1771,1,1,18,22.6,52.68
Kullu,7.8,886,3,3,18,8.4,142.14
Mandi,3.8,1281,5,4,16,24.6,103.66
Solan,3.7,573,5,4,15,7.5,78.7
Kullu,8.2,2358,2,2,3,18.3,183.06
Palampur,3.4,2568,2,1,1,9.7,149.23
Shimla,8.7,1824,5,5,31,21.0,169.65
Kullu,8.6,3104,3,2,17,11.8,230.19
Kullu,4.0,2181,1,1,6,21.8,96.76
Bilaspur,6.6,3859,2,2,13,19.0,219.98
Kullu,3.7,3171,5,4,37,14.9,165.55
Solan,7.4,763,5,5,18,6.6,167.22
Kullu,3.4,1459,5,5,39,6.9,98.16
Chamba,9.6,3139,1,1,6,24.8,207.9
Kullu,4.5,2381,5,4,4,23.2,165.5
Kullu,7.8,3136,1,1,22,3.9,218.81
Chamba,3.9,1673,5,4,27,5.5,132.16
Dharamshala,4.5,633,5,4,39,3.1,104.87
Bilaspur,6.2,3247,2,2,18,5.4,187.23
Kullu,7.0,3247,1,1,8,7.6,202.71
Palampur,10.0,2738,4,3,21,21.0,223.77
Solan,3.2,1915,1,1,12,2.8,106.37
Mandi,3.0,529,3,2,7,22.1,22.01
Mandi,5.5,3047,2,2,3,24.3,162.32
Chamba,5.6,2810,3,2,28,7.4,168.4
Kullu,9.2,2836,5,4,25,11.7,247.26
Palampur,9.4,1095,5,4,6,13.5,191.28
Mandi,9.2,3059,3,3,22,5.5,248.26
Dharamshala,4.0,3035,2,1,35,18.4,136.41
Bilaspur,5.9,3501,5,4,32,14.7,198.7
Kullu,8.2,2485,3,2,18,3.2,215.98
Solan,5.2,3060,1,1,2,22.5,174.33
Solan,7.6,1905,5,4,25,7.9,198.98
Shimla,4.7,2938,5,4,20,4.3,229.96
Mandi,5.3,2929,2,2,36,24.6,116.14
Palampur,9.0,3228,1,1,22,3.0,245.17
Chamba,4.8,3498,1,1,29,2.0,185.39
Palampur,9.8,511,3,3,21,6.3,146.15
Palampur,5.1,3225,2,1,21,8.3,199.87
Solan,3.2,3273,4,3,12,11.1,181.43
Solan,4.8,2408,4,3,16,17.3,130.3
Dharamshala,4.2,2318,1,1,11,9.5,154.93
Chamba,6.5,3029,5,5,18,14.2,227.7
Bilaspur,3.8,2093,1,1,38,0.6,107.32
Chamba,7.4,1948,1,1,13,9.9,149.45
Kullu,9.1,3311,4,3,18,23.7,202.73
Dharamshala,5.5,3261,4,4,37,19.5,177.7
Shimla,4.2,1224,5,4,6,18.6,105.73
Mandi,5.8,3401,3,2,10,8.0,225.87
Chamba,8.5,1642,3,3,19,12.5,162.6
Palampur,7.1,980,4,3,16,21.2,66.41
Chamba,3.7,3574,4,3,13,22.1,189.98
Chamba,6.8,1333,4,3,31,17.9,112.58
Palampur,6.3,1210,2,2,19,11.7,110.12
Solan,5.3,1444,5,5,14,2.3,165.69
Shimla,3.8,2220,2,1,19,3.4,137.37
Bilaspur,9.9,1081,2,1,35,0.5,149.87
Mandi,4.2,1058,2,1,39,9.3,57.01
Chamba,4.3,1873,2,2,9,1.1,153.16
Dharamshala,4.0,1262,2,2,1,11.2,105.32
Palampur,7.0,1175,3,3,1,15.1,159.24
Kullu,6.1,3692,4,3,17,15.1,221.2
Kullu,4.7,2584,3,3,25,14.1,144.25
Chamba,6.0,548,5,4,2,6.0,156.98
Bilaspur,7.7,855,3,2,20,13.2,108.66
Dharamshala,5.0,3348,3,3,15,24.5,184.99
Bilaspur,9.4,1444,1,1,37,11.4,124.49
Solan,5.1,1033,5,5,24,21.9,88.18
Dharamshala,4.4,2829,1,1,16,9.8,163.8
Dharamshala,9.7,3433,1,1,23,15.8,227.47
Solan,8.7,1894,5,5,5,12.3,197.43
Dharamshala,5.4,3100,3,2,19,17.4,177.46
Kullu,8.9,1975,1,1,13,22.5,129.68
Mandi,6.6,880,3,2,7,11.3,132.36
Kullu,5.4,3292,3,3,15,19.1,209.55
Kullu,8.9,3716,1,1,25,22.1,230.18
Dharamshala,8.3,3945,4,4,23,19.8,258.58
Mandi,5.1,850,4,3,38,1.1,93.58
Shimla,7.2,2477,1,1,10,0.5,201.58
Kullu,5.6,2681,4,3,27,22.1,140.04
Bilaspur,3.0,776,2,2,22,18.4,56.55
Mandi,9.7,3830,4,3,34,24.0,254.48
Dharamshala,6.8,860,2,2,36,7.7,90.64
Bilaspur,7.2,1440,2,1,28,19.8,106.82
Shimla,7.2,3889,3,2,16,20.1,223.67
Chamba,6.9,2446,3,3,21,21.5,143.02
Shimla,5.0,2877,2,2,26,17.5,118.06
Shimla,9.8,2227,5,5,32,3.9,234.64
Shimla,7.4,3133,4,4,9,17.2,225.83
Palampur,7.7,785,3,2,34,15.3,93.37
Mandi,6.2,2865,2,1,32,8.7,168.27
Shimla,5.0,733,3,2,3,5.6,114.49
Solan,3.5,1128,1,1,10,22.2,52.43
Chamba,5.5,2271,5,5,9,4.0,191.57
Dharamshala,4.2,2069,1,1,23,10.8,115.79
Solan,7.6,1033,4,4,8,15.8,135.67
Solan,9.2,3293,2,2,12,24.3,219.71
Chamba,5.1,1556,4,4,7,16.9,144.92
Shimla,5.3,3532,2,1,2,8.0,234.29
Mandi,7.7,552,1,1,18,2.0,106.39
Palampur,4.0,1330,5,5,12,8.3,137.7
Chamba,9.5,1538,4,3,20,7.7,198.2
Shimla,5.5,2585,1,1,8,20.6,120.13
Kullu,3.7,1903,1,1,11,9.7,96.21
Mandi,4.2,1049,3,2,35,2.9,81.08
Chamba,9.5,2498,5,4,32,21.8,181.08
Mandi,4.7,3853,3,2,10,0.9,245.45
Bilaspur,7.6,967,1,1,6,0.6,134.82
Kullu,4.1,1382,4,3,38,12.1,86.81
Mandi,4.4,2174,3,2,27,2.2,147.19
Mandi,9.2,3043,4,4,19,4.8,276.23
Dharamshala,4.0,978,2,2,27,24.6,36.61
Kullu,3.1,1308,1,1,8,21.2,49.65
Kullu,6.5,1323,1,1,17,19.2,82.68
Palampur,9.0,2656,4,3,15,16.9,215.58
Shimla,5.3,788,4,4,28,1.7,111.99
Mandi,3.9,2807,2,1,7,21.0,167.34
Dharamshala,9.9,1989,1,1,19,12.0,154.31
Palampur,7.7,1649,4,4,33,2.9,160.52
Solan,9.0,3517,1,1,7,7.9,239.52
Mandi,8.3,3365,1,1,4,12.8,232.42
Mandi,7.9,3310,3,3,32,0.8,245.47
Dharamshala,5.7,3598,4,3,34,6.7,214.62
Palampur,5.3,1318,5,5,17,8.7,154.95
Chamba,8.0,3492,4,3,1,11.9,273.11
Shimla,8.0,1115,5,4,21,0.5,189.18
Dharamshala,9.7,1657,4,3,11,14.4,204.19
Bilaspur,7.0,2444,5,4,23,5.3,186.92
Mandi,5.1,3105,1,1,5,15.1,180.92
Shimla,6.4,2521,1,1,32,6.4,136.84
Shimla,7.3,2458,4,4,27,10.4,195.58
Kullu,6.0,1817,5,4,25,15.8,145.05
Bilaspur,8.5,2574,4,3,20,16.6,201.29
Dharamshala,7.1,2162,2,1,8,1.2,176.47
Solan,3.1,2170,3,3,37,13.6,111.24
Bilaspur,7.0,2550,1,1,10,20.5,137.11
Palampur,7.4,2600,2,2,14,5.6,210.53
Mandi,9.4,1654,4,4,37,13.5,146.3
Solan,5.9,974,1,1,1,11.5,98.87
Palampur,7.0,1548,3,2,5,21.3,152.82
Bilaspur,6.3,1930,2,1,30,11.2,152.03
Palampur,6.7,1063,3,3,14,23.6,75.13
Bilaspur,3.5,1121,4,4,23,16.5,68.74
Dharamshala,9.3,3828,5,5,23,14.3,279.4
Shimla,9.4,1480,3,2,33,7.7,184.45
Chamba,6.8,3086,5,4,24,15.1,214.52
Palampur,6.9,947,4,4,17,3.7,159.1
Kullu,3.4,3903,5,5,21,10.7,232.32
Chamba,7.2,1243,4,4,29,7.5,126.79
Shimla,6.0,1878,3,2,15,16.9,110.82
Shimla,8.0,3236,4,3,6,19.2,227.5
Palampur,3.3,1205,2,2,19,23.3,71.14
Palampur,8.0,2424,4,3,39,5.9,195.7
Palampur,5.0,3249,4,3,4,22.2,207.4
Mandi,7.6,582,4,3,6,21.2,89.01
Dharamshala,7.4,588,1,1,39,21.6,30.78
Mandi,4.6,3259,3,3,33,18.6,168.12
Kullu,6.1,1419,4,3,4,7.1,147.23
Shimla,8.8,3683,1,1,8,22.0,223.17
Chamba,7.2,3745,4,4,27,15.2,227.71
Kullu,3.5,3581,5,5,31,18.6,196.18
Bilaspur,6.1,3988,3,2,29,5.5,244.89
Kullu,5.2,3380,5,4,34,4.4,231.18
Solan,7.5,1842,5,5,20,7.3,204.55
Dharamshala,7.3,3972,3,3,35,13.0,231.21
Kullu,3.1,1710,5,4,23,10.7,132.28
Palampur,7.3,2552,5,4,19,22.2,179.4
Palampur,8.1,519,1,1,25,0.8,110.72
Palampur,8.4,3869,5,5,17,2.5,286.8
Solan,3.4,2571,1,1,24,8.5,113.59
Bilaspur,5.1,3820,3,3,33,4.6,250.01
Solan,5.9,1734,5,5,38,10.5,150.21
Solan,4.3,1596,4,4,23,18.1,111.83
Mandi,5.9,2328,2,1,0,24.8,128.63
Mandi,3.5,3522,4,3,24,5.5,192.31
Bilaspur,3.8,2421,2,2,10,7.0,148.27
Palampur,7.7,3273,2,1,9,19.3,204.59
Chamba,4.8,1250,5,5,35,7.2,141.76
Solan,8.0,3215,1,1,17,17.7,205.49
Shimla,3.3,3063,5,5,31,14.8,170.6
Mandi,6.9,3636,3,3,14,21.4,218.59
Bilaspur,5.7,701,1,1,24,1.3,91.65
Solan,8.6,1844,4,4,26,24.5,133.4
Shimla,8.5,810,1,1,35,24.1,33.46
Kullu,5.6,1900,2,1,7,1.0,171.62
Kullu,7.4,3156,2,1,22,12.7,198.27
Shimla,4.6,2740,4,4,16,10.3,169.46
Solan,7.1,3135,2,2,18,6.7,189.93
Chamba,3.6,3082,4,3,33,24.5,143.97
Bilaspur,6.0,3972,1,1,5,4.8,239.94
Dharamshala,4.3,3579,4,4,21,7.0,226.26
Chamba,9.2,2551,4,4,15,0.7,251.92
Shimla,6.1,3565,2,1,35,14.7,180.9
Chamba,7.1,667,5,4,8,21.6,105.63
Chamba,5.5,3024,3,2,9,15.7,187.15
Bilaspur,5.0,2327,4,4,3,16.5,178.39
Bilaspur,4.4,3849,1,1,17,2.1,211.17
Shimla,9.4,2263,5,5,0,18.0,229.24
Palampur,8.6,1125,2,2,20,10.5,138.97
Kullu,3.9,3034,4,4,8,12.1,202.79
Kullu,8.2,3826,1,1,16,14.8,217.28
Kullu,5.9,556,1,1,24,24.4,24.95
Kullu,3.1,724,1,1,27,18.8,8.0
Palampur,6.7,2814,5,4,2,17.3,221.2
Kullu,3.9,2444,2,1,5,11.1,162.96
Mandi,4.5,2420,5,4,12,1.3,207.02
Palampur,7.9,815,3,2,20,13.7,135.94
Chamba,4.8,2502,1,1,35,16.7,107.92
Palampur,9.2,2488,3,3,5,17.8,209.92
Solan,7.6,3472,3,3,2,15.4,245.58
Shimla,8.8,1865,2,1,25,7.9,165.57
Chamba,7.3,1717,4,3,39,5.9,156.27
Palampur,9.1,785,5,5,33,2.7,150.11
Mandi,5.5,2484,5,5,22,17.7,170.07
Shimla,6.8,2768,3,2,0,24.3,173.58
Mandi,6.6,1482,5,5,23,13.4,162.13
Chamba,9.3,3059,5,5,18,17.0,227.25
Shimla,4.2,3783,1,1,17,17.5,175.57
Shimla,7.0,1109,4,3,19,4.5,128.44
Mandi,8.3,2504,4,4,22,5.2,229.31
Mandi,5.6,2930,1,1,28,5.6,162.58
Bilaspur,9.1,564,4,4,7,23.4,99.26
Shimla,5.6,1126,5,5,2,0.9,184.91
Palampur,4.2,1884,2,2,2,13.8,95.04
Mandi,7.1,980,5,5,16,9.7,149.01
Palampur,5.9,1744,5,4,20,16.7,153.16
Chamba,3.1,1015,4,4,31,5.9,99.73
Bilaspur,3.5,3638,4,4,17,24.0,160.49
Chamba,4.4,2596,3,2,21,8.6,152.55
Chamba,8.4,1652,3,2,39,23.2,123.88
Mandi,9.2,3225,3,3,29,14.9,239.17
Kullu,6.8,564,3,3,27,10.7,104.04
Mandi,3.7,2589,3,3,14,18.5,169.69
Chamba,6.7,2892,5,4,6,14.1,221.41
Solan,9.0,3332,4,4,36,3.9,261.84
Solan,8.2,1277,2,1,22,17.8,106.57
Bilaspur,5.0,2570,3,3,3,14.7,150.84
Shimla,3.9,3186,2,1,19,14.4,155.07
Shimla,9.3,3290,1,1,3,18.6,201.64
Kullu,9.0,1114,2,2,39,16.5,95.03
Shimla,3.4,3917,1,1,21,9.5,166.5
Kullu,8.8,1458,5,4,31,8.3,179.29
Mandi,3.7,1868,1,1,18,6.6,96.14
Chamba,3.4,1172,2,2,0,14.6,62.54
Palampur,8.3,1024,2,1,25,7.8,130.63
Kullu,6.8,1394,2,1,26,3.5,120.43
Shimla,5.9,973,2,1,9,19.7,74.19
Mandi,9.3,3064,4,3,28,5.6,238.07
Bilaspur,8.9,2591,5,5,9,4.5,276.93
Mandi,3.4,1865,1,1,27,21.3,61.28
Palampur,7.3,2414,2,1,29,17.7,136.26
Mandi,8.4,2614,3,2,5,19.3,177.57
Solan,6.9,1144,2,1,11,9.1,151.38
Mandi,9.9,1539,4,3,6,15.6,213.33
Solan,7.8,3587,2,1,29,23.3,206.84
Kullu,3.7,542,3,3,9,7.4,69.43
Solan,4.4,3848,3,3,25,2.2,223.39
Mandi,8.8,3875,2,1,16,4.7,276.37
Bilaspur,10.0,1386,4,4,3,22.5,164.59
Kullu,3.7,1622,4,3,35,7.4,94.0
Kullu,3.7,1224,3,3,28,12.5,93.43
Chamba,8.3,2462,3,2,10,13.6,199.45
Bilaspur,3.5,1248,5,5,35,24.0,51.02
Bilaspur,3.5,3267,5,5,28,7.9,211.48
Chamba,9.2,1855,5,4,32,13.3,177.2
Shimla,8.6,3886,1,1,7,24.0,203.42
Dharamshala,9.2,3486,5,5,0,5.4,301.23
Chamba,7.6,1904,5,4,2,15.1,189.75
Dharamshala,5.3,2585,5,5,21,2.1,214.63
Solan,9.3,585,4,3,31,6.9,134.02
Dharamshala,5.1,736,2,2,36,2.2,88.39
Solan,4.9,2271,4,3,38,8.6,140.57
Kullu,9.2,2155,3,3,23,5.6,199.61
Chamba,7.8,1894,5,4,25,20.1,176.04
Kullu,9.3,816,2,2,11,11.9,144.59
Dharamshala,4.1,3439,4,3,0,10.4,221.47
Dharamshala,9.7,1921,4,4,7,17.5,206.4
Dharamshala,7.3,2145,5,4,2,23.7,177.71
Mandi,7.7,1912,1,1,27,7.9,128.62
Solan,9.4,2240,5,5,20,2.1,273.14
Kullu,5.7,2769,2,2,30,3.2,170.14
Shimla,8.0,3173,5,4,5,21.5,243.37
Solan,7.5,2423,1,1,36,21.2,104.49
Chamba,8.5,1080,2,1,28,12.1,120.81
Dharamshala,9.3,3561,4,3,36,4.1,252.34
Dharamshala,7.8,1496,3,3,25,13.4,158.74
Dharamshala,3.5,556,4,3,13,16.9,79.42
Palampur,4.3,636,3,2,25,8.6,71.73
Dharamshala,9.7,3208,1,1,24,2.5,241.99
Dharamshala,9.8,1854,4,4,7,8.4,219.76
Dharamshala,9.8,579,3,3,4,17.4,134.66
Palampur,3.3,3340,3,3,26,24.5,145.86
Chamba,5.7,1565,2,1,3,5.2,144.64
Dharamshala,8.3,3922,5,5,4,22.9,290.8
Chamba,8.3,3578,4,3,2,11.7,264.48
Dharamshala,3.6,668,1,1,24,16.7,38.79
Shimla,7.3,2916,1,1,37,21.7,135.14
Chamba,4.0,2611,1,1,19,14.2,114.98
Shimla,6.5,1101,1,1,6,2.0,132.7
Mandi,4.7,1700,4,3,20,7.0,143.92
Palampur,3.4,2217,4,3,19,20.2,96.36
Solan,3.6,1011,3,3,23,14.0,61.42
Palampur,9.4,3026,3,3,17,8.6,220.43
Mandi,8.2,1470,5,5,21,14.8,159.3
Shimla,9.5,3780,5,4,12,7.1,302.98
Shimla,6.3,3305,3,2,36,6.4,205.57
Chamba,5.9,2720,3,3,21,20.8,148.81
Kullu,5.5,919,3,3,12,10.3,99.85
Chamba,7.3,586,5,5,0,7.2,173.06
Chamba,5.5,1010,4,3,27,10.5,126.37
Solan,8.2,2248,2,1,15,23.1,138.88
Dharamshala,8.6,3234,5,5,9,4.9,299.79
Chamba,9.1,1035,2,1,19,5.0,148.03
Shimla,4.7,2975,4,4,19,9.2,175.35
Mandi,6.7,667,5,4,32,2.0,117.12
Dharamshala,4.6,1429,5,5,21,2.3,114.78
Chamba,3.3,2594,1,1,28,0.8,139.57
Solan,8.0,3399,2,2,25,4.1,223.1
Mandi,6.8,3219,4,3,33,16.2,198.5
Solan,8.1,2364,1,1,0,5.3,234.24
Kullu,3.6,626,1,1,15,9.8,63.45
Solan,10.0,1526,2,1,28,17.8,127.73
Shimla,10.0,3242,3,2,5,1.3,277.29
Shimla,6.3,784,1,1,17,5.6,106.82
Palampur,9.1,2972,1,1,16,24.9,168.01
Kullu,4.7,2963,2,1,32,15.1,151.7
Shimla,8.2,3131,3,3,38,16.7,227.92
Mandi,9.2,1260,3,3,4,13.1,176.68
Kullu,8.7,1356,4,3,8,24.2,159.17
Chamba,8.7,1194,5,4,30,4.0,184.75
Bilaspur,6.2,1877,1,1,6,2.2,152.52
Solan,8.7,2333,4,4,19,20.5,192.82
Kullu,7.8,919,1,1,37,0.6,93.4
Shimla,3.9,2485,2,2,39,14.3,122.31
Chamba,3.8,1336,2,2,37,0.5,74.85
Mandi,8.4,2467,4,4,5,9.0,242.03
Palampur,7.4,1559,2,2,5,16.4,153.32
Chamba,6.6,3841,5,4,7,13.9,262.48
Chamba,9.4,1618,2,2,30,14.2,135.3
Shimla,7.6,3549,5,5,7,4.4,291.05
Chamba,5.8,1112,5,4,17,7.7,128.52
Mandi,5.9,797,3,2,32,17.9,64.17
Mandi,7.2,1160,1,1,19,1.1,116.17
Shimla,8.3,1967,4,3,37,15.1,146.55
Mandi,7.0,3655,3,3,19,13.2,239.78
Bilaspur,6.6,1116,2,2,15,8.9,123.86
Palampur,8.1,3243,3,3,38,8.7,213.8
Dharamshala,7.9,2939,2,1,21,20.1,157.97
Solan,8.8,1705,2,2,7,9.9,189.91
Palampur,3.4,1677,5,4,25,2.5,133.63
Palampur,8.3,3816,2,2,30,24.1,231.64
Shimla,6.6,3001,3,2,33,3.7,199.85
Kullu,3.5,1336,4,3,0,20.0,101.75
Kullu,7.8,3691,2,1,4,0.8,268.27
Chamba,8.0,1923,4,3,25,9.4,180.34
Solan,6.7,778,5,5,29,13.1,155.1
Palampur,8.6,3347,5,5,26,1.2,278.27
Bilaspur,5.1,3540,1,1,15,18.5,188.77
Bilaspur,4.4,2050,3,3,30,6.9,133.27
Kullu,5.5,2963,1,1,23,13.8,168.38
Chamba,5.9,1321,4,3,37,19.9,64.59
Chamba,7.9,3476,2,1,14,15.0,244.66
Dharamshala,8.9,1789,5,5,30,11.7,191.49
Mandi,8.0,1435,1,1,5,8.7,143.85
Bilaspur,4.2,2252,5,5,29,1.6,187.0
Kullu,5.6,1435,2,2,29,22.9,72.93
Bilaspur,4.1,2672,5,4,10,15.0,166.17
Solan,7.8,3116,1,1,2,16.0,177.74
Solan,4.7,1919,2,2,39,11.3,119.78
Kullu,6.7,3242,2,1,3,9.6,218.24
Bilaspur,8.5,2009,5,5,18,1.6,221.57
Dharamshala,7.7,3895,4,3,0,4.6,294.67
Mandi,5.1,1423,5,5,16,10.9,160.14
Palampur,5.3,2966,3,2,32,6.4,173.27
Solan,7.6,2373,4,3,20,1.6,224.04
Solan,6.8,3802,4,4,9,13.9,254.8
Solan,3.7,1268,4,4,15,11.9,90.53
Kullu,9.1,1188,5,5,3,10.8,205.34
Kullu,6.6,3536,5,4,23,19.7,236.95
Mandi,6.3,3653,3,2,0,15.2,228.87
Bilaspur,4.4,3115,3,3,13,0.5,213.07
Mandi,5.6,2162,4,3,2,19.2,163.29
Mandi,5.3,1935,4,4,9,12.3,165.83
Dharamshala,4.9,2833,5,4,2,13.2,233.38
Dharamshala,7.0,3115,4,3,37,22.3,172.3
Solan,6.2,1465,5,5,30,3.2,156.0
Shimla,9.2,524,4,4,37,15.2,104.22
Kullu,9.6,757,5,5,27,7.4,151.24
Chamba,4.5,1705,4,4,19,1.4,133.94
Mandi,3.7,2885,5,5,6,11.2,203.47
Palampur,8.5,2041,1,1,38,7.4,153.35
Chamba,10.0,2664,5,5,36,0.5,259.16
Dharamshala,9.0,2144,2,1,16,12.6,177.15
Mandi,3.2,1380,4,4,9,8.1,109.19
Dharamshala,4.8,3120,2,2,15,11.1,183.0
Chamba,3.3,3032,3,2,15,0.8,191.74
Palampur,8.7,3869,4,3,36,10.3,264.91
Shimla,7.1,3389,3,2,2,12.0,243.79
Bilaspur,6.6,1829,4,4,25,11.9,159.36
Shimla,6.9,2966,1,1,30,18.1,169.47
Bilaspur,4.8,1727,5,5,30,24.8,112.14
Shimla,7.2,3554,3,3,7,1.2,277.64
Mandi,3.2,2636,4,4,16,10.2,143.05
Palampur,7.5,3421,2,2,13,21.5,216.84
Kullu,8.1,1484,3,3,16,15.8,142.47
Solan,7.7,552,3,2,3,24.6,90.31
Chamba,5.3,994,1,1,3,18.0,60.36
Solan,8.8,2359,3,3,0,18.2,230.97
Palampur,8.0,3865,4,4,38,2.4,240.91
Mandi,3.9,2694,5,4,16,7.2,207.73
Palampur,4.4,3333,5,4,9,14.8,219.95
Shimla,7.5,2142,2,1,31,13.3,118.84
Kullu,5.0,3854,4,4,19,19.2,240.81
Dharamshala,3.8,3793,1,1,14,24.8,162.01
Dharamshala,4.1,1262,5,4,4,5.6,116.41
Palampur,4.2,3517,5,4,15,11.0,217.8
Kullu,6.3,562,5,5,25,21.7,89.89
Palampur,7.3,2574,3,2,24,21.0,181.29
Dharamshala,4.2,2030,2,1,15,20.5,93.19
Chamba,8.0,1554,4,4,24,15.7,119.66
Kullu,5.0,3767,4,4,30,24.8,204.98
Shimla,5.2,2818,2,2,37,9.3,157.1
Solan,4.6,984,3,2,21,3.3,74.0
Chamba,8.5,987,4,4,9,3.7,180.12
Solan,9.7,910,3,2,5,11.2,163.47
Mandi,6.4,1564,2,2,6,20.2,114.22
Solan,3.3,741,2,1,0,11.6,56.34
Palampur,4.8,1424,3,2,22,15.5,86.51
Mandi,4.1,3177,2,2,8,9.3,182.07
Dharamshala,8.9,3557,2,2,9,18.0,243.82
Chamba,3.6,3250,1,1,28,4.3,170.22
Kullu,9.8,2236,2,2,12,13.2,172.89
Chamba,7.1,2933,4,4,33,5.0,220.46
Chamba,6.6,3803,2,2,5,12.0,247.09
Mandi,8.9,686,1,1,13,11.0,112.1
Shimla,3.2,3665,5,5,2,15.3,221.08
Dharamshala,8.4,3031,3,3,21,13.0,237.23
Mandi,3.8,1852,3,3,4,24.4,120.55
Shimla,8.9,2070,3,2,9,22.6,165.68
Palampur,6.7,2034,3,3,29,7.7,157.32
Mandi,3.4,1052,3,3,35,3.5,86.85
Mandi,8.8,1306,4,4,21,2.1,199.83
Bilaspur,3.2,1532,5,4,38,5.4,99.33
Chamba,4.0,520,5,4,30,5.9,68.28
Shimla,8.6,2254,3,2,30,22.3,155.63
Palampur,6.3,2167,2,2,39,23.2,87.37
Chamba,9.2,1653,1,1,3,6.1,156.12
Mandi,7.4,1117,3,3,9,19.1,111.39
Palampur,7.4,3894,5,5,17,21.0,262.04
Chamba,5.0,2874,2,1,24,9.7,179.26
Shimla,3.9,2161,5,4,39,21.9,98.27
Solan,9.7,3029,4,4,3,24.7,239.1
Kullu,3.7,1802,4,4,9,24.2,109.8
Chamba,6.7,1254,3,2,11,18.7,105.94
Chamba,4.9,2856,4,4,26,9.6,175.91
Shimla,4.8,3197,1,1,38,6.1,161.65
Dharamshala,7.2,2776,1,1,37,24.8,111.21
Mandi,8.6,2482,1,1,29,7.3,168.99
Chamba,8.4,508,4,3,30,11.2,106.47
Solan,9.1,2732,3,2,16,7.0,234.31
Chamba,5.1,2664,2,2,24,12.7,131.29
Shimla,6.3,1943,1,1,6,3.2,159.51
Dharamshala,3.1,1353,3,3,20,20.3,49.9
Dharamshala,8.2,3926,2,2,11,12.9,249.09
Shimla,5.1,1813,1,1,37,10.8,98.71
Solan,6.9,1452,1,1,14,9.4,122.23
Shimla,4.2,2972,4,4,15,14.7,201.86
Dharamshala,8.7,2186,4,3,16,19.6,183.22
Dharamshala,8.7,2450,2,1,36,22.6,154.69
Dharamshala,9.1,2769,3,3,37,21.1,190.11
Kullu,3.3,1790,2,1,17,11.4,95.07
Palampur,9.9,1033,3,3,39,20.9,94.53
Mandi,4.7,1085,1,1,30,13.5,51.91
Shimla,5.2,3788,5,4,33,16.1,209.14
Mandi,4.7,2269,4,3,36,17.0,116.95
Mandi,4.9,1959,5,5,13,10.3,170.83
Solan,6.9,1617,2,2,22,12.4,109.45
Bilaspur,4.7,3025,5,4,11,17.5,185.69
Palampur,5.8,3695,3,2,12,8.0,224.13
Dharamshala,7.6,3191,1,1,18,18.8,180.7
Mandi,8.9,2370,2,1,2,9.2,200.87
Kullu,7.8,2164,5,5,8,14.8,199.71
Chamba,7.2,3530,4,3,32,21.0,207.38
Kullu,4.0,3497,4,4,6,1.1,238.89
Chamba,8.7,1865,2,1,24,6.4,167.26
Shimla,3.3,3875,4,3,30,14.2,178.93
Bilaspur,4.8,3396,5,5,10,3.1,242.35
Palampur,3.4,3461,1,1,18,5.5,200.58
Kullu,7.7,697,2,1,35,18.9,53.43
Solan,5.6,955,1,1,33,1.1,58.07
Solan,7.6,1543,1,1,36,15.4,101.72
Chamba,5.4,3164,5,5,25,1.3,228.19
Kullu,6.2,773,2,1,35,3.3,86.02
Kullu,6.2,790,1,1,15,10.1,81.15
Chamba,3.3,610,1,1,24,24.1,8.0
Shimla,6.0,1171,5,4,26,13.9,118.93
Kullu,7.5,3716,3,2,39,8.1,224.97
Solan,6.8,3024,4,4,14,10.6,239.68
Mandi,3.5,3009,2,1,34,14.4,100.27
Mandi,7.7,1523,4,4,20,15.7,134.92
Dharamshala,5.2,2687,5,4,4,7.1,208.68
Palampur,3.1,3226,4,4,26,5.3,169.27
Palampur,4.1,2363,3,3,39,12.6,113.9
Palampur,6.5,3496,2,2,18,16.3,195.09
Shimla,5.2,2493,2,1,21,20.5,136.03
Dharamshala,7.9,1636,3,3,37,15.0,128.16
Solan,4.7,2735,3,2,36,17.5,129.07
Bilaspur,8.4,3800,1,1,16,12.4,233.12
Mandi,5.0,3393,1,1,30,14.4,145.94
Shimla,7.3,2244,3,2,25,16.1,166.74
Bilaspur,8.6,2589,1,1,25,6.3,204.24
Solan,5.7,3915,3,2,28,23.4,177.41
Solan,3.3,3120,2,1,13,9.0,184.44
Mandi,6.7,2258,2,1,12,15.3,145.57
Palampur,10.0,1483,1,1,1,14.2,155.94
Kullu,9.8,3670,3,3,34,21.4,237.8
Chamba,4.5,3918,1,1,11,3.3,229.36
Shimla,8.3,747,4,3,26,22.2,96.7
Chamba,5.4,611,5,5,27,3.9,109.47
Palampur,4.1,902,5,5,28,4.0,123.86
Dharamshala,7.7,1853,4,3,34,21.6,125.23
Kullu,6.5,1059,5,4,34,6.8,127.79
Mandi,6.8,3587,5,4,0,15.5,283.69
Bilaspur,8.8,3699,4,4,33,11.9,240.34
Mandi,5.4,1131,2,2,8,23.4,71.57
Bilaspur,7.7,3401,3,2,25,19.7,216.94
Kullu,5.6,994,5,5,26,8.7,129.66
Solan,3.3,3255,4,3,2,20.4,191.68
Chamba,5.6,1779,2,2,11,6.0,129.48
Palampur,9.7,641,1,1,36,15.6,85.62
Solan,6.4,1998,1,1,5,18.9,126.32
Chamba,3.8,3379,2,2,9,17.7,198.31
Bilaspur,7.8,3766,5,4,3,16.6,287.3
Mandi,9.7,923,3,3,6,20.8,139.23
Kullu,9.4,3426,1,1,25,14.1,222.47
Kullu,7.0,1526,5,4,33,23.2,119.66
Kullu,5.6,2124,3,3,23,4.0,172.67
Bilaspur,7.1,880,2,1,11,9.2,101.26
Palampur,8.7,3905,5,5,34,19.7,273.8
Solan,9.0,3265,2,1,14,8.0,225.23
Bilaspur,8.7,2747,4,3,12,11.4,235.06
